date,n1,n2,n3,n4,n5,s1,s2
07-Nov-25,11,21,39,40,43,2,8
04-Nov-25,6,9,25,28,45,1,4
31-Oct-25,5,14,38,43,45,7,11
28-Oct-25,7,8,24,35,49,2,12
24-Oct-25,7,8,25,31,45,7,12
21-Oct-25,5,24,29,40,42,6,12
17-Oct-25,13,35,39,44,47,3,5
14-Oct-25,5,8,14,16,18,3,10
10-Oct-25,6,7,17,20,21,1,10
07-Oct-25,24,39,42,43,48,5,8
03-Oct-25,6,12,18,25,41,2,6
30-Sep-25,3,8,15,17,48,2,8
26-Sep-25,4,17,25,28,44,5,11
23-Sep-25,11,13,24,29,33,2,5
19-Sep-25,8,10,26,32,42,9,12
16-Sep-25,1,9,13,35,40,5,6
12-Sep-25,5,10,23,31,37,3,11
09-Sep-25,3,13,24,39,40,2,8
05-Sep-25,27,30,31,41,43,5,8
02-Sep-25,13,30,31,32,36,1,12
29-Aug-25,6,9,10,13,37,1,7
26-Aug-25,2,14,38,42,45,10,11
22-Aug-25,6,9,12,30,39,4,10
12-Aug-25,18,28,42,46,48,3,9
08-Aug-25,2,12,19,34,44,6,10
05-Aug-25,1,3,5,42,47,5,10
01-Aug-25,4,16,25,29,30,2,10
29-Jul-25,5,6,42,44,46,4,8
25-Jul-25,6,7,23,32,36,11,12
22-Jul-25,8,15,26,33,41,9,10
18-Jul-25,13,19,25,42,45,2,9
15-Jul-25,24,38,41,45,49,1,6
11-Jul-25,8,23,24,45,49,2,10
08-Jul-25,1,8,9,18,50,1,5
04-Jul-25,19,29,42,45,48,5,7
01-Jul-25,1,17,28,32,34,7,8
27-Jun-25,19,27,36,45,49,7,10
24-Jun-25,7,16,21,23,39,7,11
20-Jun-25,5,8,24,37,47,3,9
17-Jun-25,13,22,23,44,49,3,5
13-Jun-25,2,28,40,43,45,3,7
10-Jun-25,19,36,39,40,45,5,6
06-Jun-25,20,21,29,30,35,2,12
03-Jun-25,12,15,38,47,48,5,7
30-May-25,4,7,14,33,36,1,5
27-May-25,12,30,38,40,41,4,12
23-May-25,10,29,43,46,49,7,12
20-May-25,1,8,13,29,47,5,6
16-May-25,6,9,25,37,46,6,12
13-May-25,9,19,44,47,50,2,9
09-May-25,15,18,25,29,47,5,9
06-May-25,8,23,24,47,48,4,9
02-May-25,3,5,19,21,49,1,10
29-Apr-25,2,9,24,30,41,1,11
25-Apr-25,13,22,32,39,41,1,12
22-Apr-25,7,28,33,37,47,9,12
18-Apr-25,20,27,35,39,48,3,8
15-Apr-25,3,31,33,38,44,6,12
11-Apr-25,14,28,34,46,49,3,8
08-Apr-25,3,14,15,48,49,1,7
04-Apr-25,27,39,41,45,50,5,7
01-Apr-25,9,24,30,46,49,4,12
28-Mar-25,10,21,30,42,45,1,9
25-Mar-25,1,3,18,33,36,2,6
21-Mar-25,9,17,18,21,50,5,12
18-Mar-25,4,9,35,46,50,8,11
14-Mar-25,8,10,33,35,49,2,9
11-Mar-25,13,36,37,42,47,7,11
07-Mar-25,6,10,27,32,48,3,8
04-Mar-25,15,20,29,35,42,2,9
28-Feb-25,7,16,31,43,46,5,9
25-Feb-25,17,22,23,24,44,6,11
21-Feb-25,1,3,11,20,43,2,11
18-Feb-25,5,14,25,26,40,5,7
14-Feb-25,4,14,31,36,38,3,10
11-Feb-25,3,21,36,41,46,1,6
07-Feb-25,10,23,24,29,45,8,10
04-Feb-25,3,4,29,39,43,5,10
31-Jan-25,22,30,41,44,49,2,7
28-Jan-25,9,37,41,42,49,1,9
24-Jan-25,2,11,19,30,49,3,8
21-Jan-25,6,8,14,27,41,4,5
17-Jan-25,8,15,24,35,42,6,8
14-Jan-25,18,20,29,41,48,5,9
10-Jan-25,12,27,36,37,42,6,7
07-Jan-25,20,33,35,41,47,4,12
03-Jan-25,3,19,29,35,37,1,9
31-Dec-24,19,24,26,28,33,8,12
27-Dec-24,12,22,27,33,45,4,8
24-Dec-24,6,10,16,23,24,11,12
20-Dec-24,10,14,21,33,50,6,9
17-Dec-24,1,3,4,21,29,2,7
13-Dec-24,1,15,25,42,50,4,10
10-Dec-24,5,24,25,29,47,5,9
06-Dec-24,14,25,39,44,47,6,10
03-Dec-24,23,25,34,46,47,6,8
29-Nov-24,8,17,18,29,43,5,9
26-Nov-24,7,11,25,31,40,9,12
22-Nov-24,10,11,12,29,31,8,11
19-Nov-24,4,13,20,28,49,7,12
15-Nov-24,7,8,34,39,44,2,6
12-Nov-24,10,11,12,22,50,1,10
08-Nov-24,2,33,35,42,48,1,3
05-Nov-24,1,8,19,37,50,6,9
01-Nov-24,7,33,38,44,50,2,7
29-Oct-24,1,2,19,30,45,10,12
25-Oct-24,4,17,20,25,45,8,9
22-Oct-24,3,13,27,30,46,1,2
18-Oct-24,4,15,23,30,39,1,12
15-Oct-24,2,15,32,36,48,3,9
11-Oct-24,16,23,32,46,49,4,5
08-Oct-24,7,14,19,34,40,6,8
04-Oct-24,4,8,16,17,20,1,6
01-Oct-24,8,22,29,41,42,9,11
27-Sep-24,7,20,21,27,38,5,12
24-Sep-24,18,20,21,36,49,3,5
20-Sep-24,16,25,29,34,37,3,7
17-Sep-24,20,30,32,41,44,1,10
13-Sep-24,10,15,17,31,42,4,12
10-Sep-24,6,29,46,47,48,2,9
06-Sep-24,12,14,34,41,47,3,4
03-Sep-24,7,9,11,16,45,2,5
30-Aug-24,3,24,27,33,42,4,6
27-Aug-24,1,8,11,42,47,4,11
23-Aug-24,9,15,24,47,50,8,9
20-Aug-24,7,10,13,18,26,3,12
16-Aug-24,15,17,29,45,49,1,10
13-Aug-24,15,16,39,40,47,1,6
09-Aug-24,21,23,25,33,44,4,10
06-Aug-24,1,18,27,41,50,2,12
02-Aug-24,5,7,12,33,46,3,12
30-Jul-24,9,25,28,37,38,2,8
26-Jul-24,4,19,23,35,37,4,8
23-Jul-24,4,8,10,16,34,4,8
19-Jul-24,15,22,35,44,48,6,7
16-Jul-24,2,32,35,36,39,7,8
12-Jul-24,12,18,24,25,39,8,10
09-Jul-24,6,15,19,2,39,7,11
05-Jul-24,11,13,29,31,47,1,11
02-Jul-24,2,7,34,35,46,6,8
28-Jun-24,10,16,18,22,35,1,10
25-Jun-24,14,16,37,45,49,5,7
21-Jun-24,3,4,7,11,17,3,12
18-Jun-24,3,11,33,34,36,1,12
14-Jun-24,2,13,16,24,32,1,7
11-Jun-24,7,15,34,45,48,7,9
07-Jun-24,15,16,26,30,37,5,8
04-Jun-24,6,7,9,14,43,3,4
31-May-24,4,7,16,33,34,7,8
28-May-24,16,18,35,36,41,6,7
24-May-24,9,12,18,22,50,1,3
21-May-24,11,13,14,34,48,7,9
17-May-24,18,31,32,41,46,1,10
14-May-24,2,8,17,28,35,7,9
10-May-24,13,28,29,44,48,4,12
07-May-24,35,36,41,42,45,6,11
03-May-24,6,9,10,30,49,3,4
30-Apr-24,13,22,24,33,47,1,5
26-Apr-24,2,20,39,40,47,4,8
23-Apr-24,6,9,11,32,49,2,10
19-Apr-24,10,20,40,44,46,1,3
16-Apr-24,22,29,31,39,46,3,7
12-Apr-24,2,3,12,16,45,2,11
09-Apr-24,19,23,26,27,46,2,10
05-Apr-24,13,18,26,35,37,8,11
02-Apr-24,1,23,31,36,48,5,8
29-Mar-24,16,17,35,36,49,1,10
26-Mar-24,2,13,14,26,29,5,6
22-Mar-24,8,11,23,32,44,9,10
19-Mar-24,7,16,18,20,32,1,3
15-Mar-24,1,4,31,34,40,4,5
12-Mar-24,13,19,30,38,46,4,12
08-Mar-24,8,11,12,16,44,4,7
05-Mar-24,2,15,17,23,36,3,8
01-Mar-24,4,7,19,20,34,2,4
27-Feb-24,3,4,9,12,20,5,6
23-Feb-24,24,27,28,30,49,1,12
20-Feb-24,23,31,37,42,48,3,7
16-Feb-24,8,13,14,24,26,1,2
13-Feb-24,13,17,18,20,46,4,9
09-Feb-24,23,24,35,37,45,9,12
06-Feb-24,2,7,21,28,45,5,11
02-Feb-24,13,20,23,27,42,5,9
30-Jan-24,5,10,19,27,30,5,6
26-Jan-24,8,19,32,41,42,9,12
23-Jan-24,14,23,39,48,50,3,12
19-Jan-24,27,28,44,48,50,7,12
16-Jan-24,10,18,21,33,45,8,12
12-Jan-24,16,17,18,45,49,9,12
09-Jan-24,2,9,12,39,40,1,3
05-Jan-24,4,7,18,39,50,3,8
02-Jan-24,7,15,18,46,49,10,12
29-Dec-23,2,3,19,36,37,6,9
26-Dec-23,8,27,30,35,47,9,10
22-Dec-23,6,14,34,44,49,4,12
19-Dec-23,10,20,41,43,45,2,12
15-Dec-23,2,13,37,38,48,5,9
12-Dec-23,6,28,37,39,43,9,12
08-Dec-23,17,30,42,48,50,4,8
05-Dec-23,4,6,20,24,25,5,9
01-Dec-23,4,10,14,38,50,9,12
28-Nov-23,12,16,27,33,44,7,8
24-Nov-23,15,20,29,39,48,1,7
21-Nov-23,19,29,34,46,47,2,3
17-Nov-23,2,24,26,46,50,2,7
14-Nov-23,13,16,36,44,50,3,5
10-Nov-23,10,21,30,38,42,2,12
07-Nov-23,8,10,11,30,39,4,10
03-Nov-23,8,21,31,39,47,5,9
31-Oct-23,5,7,20,40,50,2,10
27-Oct-23,29,33,35,48,49,3,8
24-Oct-23,8,16,18,31,34,6,9
20-Oct-23,2,20,28,40,4,1,5
17-Oct-23,10,17,20,35,40,3,4
13-Oct-23,21,26,28,40,41,2,4
10-Oct-23,18,20,22,33,43,3,9
06-Oct-23,21,29,31,34,43,2,9
03-Oct-23,6,20,22,24,45,4,5
29-Sep-23,9,11,13,21,32,2,7
26-Sep-23,2,6,14,19,23,5,7
22-Sep-23,3,23,24,34,35,5,8
19-Sep-23,10,15,31,41,42,2,5
15-Sep-23,12,14,21,45,48,8,11
12-Sep-23,5,14,36,40,42,2,11
08-Sep-23,10,20,21,26,33,3,4
05-Sep-23,1,7,24,41,48,10,12
01-Sep-23,4,5,35,37,43,5,6
29-Aug-23,21,23,32,40,49,8,11
25-Aug-23,16,17,34,35,44,5,10
22-Aug-23,2,9,23,32,40,6,7
18-Aug-23,23,25,30,44,47,9,12
15-Aug-23,3,5,9,32,43,6,10
11-Aug-23,4,6,10,13,34,3,5
08-Aug-23,8,9,33,35,40,3,6
04-Aug-23,15,20,31,44,48,1,3
01-Aug-23,25,27,35,40,45,7,11
28-Jul-23,7,32,33,34,38,6,9
25-Jul-23,5,7,11,27,37,6,12
21-Jul-23,7,31,33,35,36,7,10
18-Jul-23,4,12,34,35,45,1,9
14-Jul-23,5,8,29,35,48,5,6
11-Jul-23,2,11,28,42,48,4,9
07-Jul-23,2,11,12,19,38,4,8
04-Jul-23,14,17,23,36,44,2,8
30-Jun-23,1,6,25,29,36,7,10
27-Jun-23,17,22,23,27,44,1,7
23-Jun-23,1,3,11,33,46,10,11
20-Jun-23,11,17,28,32,35,5,6
16-Jun-23,7,26,34,41,44,9,11
13-Jun-23,15,16,21,41,50,5,6
09-Jun-23,18,26,36,41,50,11,12
06-Jun-23,13,21,32,39,50,2,10
02-Jun-23,3,12,15,25,43,10,11
30-May-23,27,29,32,33,47,2,8
26-May-23,15,25,37,38,41,1,7
23-May-23,5,6,14,23,34,2,11
19-May-23,18,27,34,41,49,3,9
16-May-23,4,6,9,14,37,4,11
12-May-23,9,10,13,39,44,4,6
09-May-23,13,17,21,28,46,7,9
05-May-23,3,8,18,34,49,3,7
02-May-23,7,32,44,47,48,7,8
28-Apr-23,11,13,16,23,34,1,10
25-Apr-23,10,29,30,40,45,1,12
21-Apr-23,7,8,18,33,42,2,8
18-Apr-23,17,21,23,35,37,10,11
14-Apr-23,4,11,37,44,49,6,7
11-Apr-23,10,14,16,19,29,2,10
07-Apr-23,5,26,28,36,46,6,12
04-Apr-23,10,16,31,33,50,3,8
31-Mar-23,16,18,28,34,47,5,10
28-Mar-23,16,21,34,36,44,9,10
24-Mar-23,5,12,25,36,46,6,10
21-Mar-23,1,9,20,29,32,2,3
17-Mar-23,5,15,26,37,49,8,11
14-Mar-23,16,26,28,31,46,11,12
20-Mar-23,9,16,37,38,48,2,7
07-Mar-23,11,13,24,35,50,6,11
03-Mar-23,3,6,8,24,50,10,11
28-Feb-23,12,29,33,37,47,5,10
24-Feb-23,7,23,34,42,48,1,3
21-Feb-23,21,22,34,41,49,2,7
17-Feb-23,8,23,27,42,45,1,9
14-Feb-23,24,26,38,43,46,2,3
10-Feb-23,3,13,25,36,47,3,8
07-Feb-23,2,8,34,44,47,3,9
03-Feb-23,2,14,17,32,45,3,10
31-Jan-23,7,12,19,33,43,3,7
27-Jan-23,8,9,15,19,31,10,12
24-Jan-23,11,27,41,43,47,7,11
20-Jan-23,3,6,13,40,42,7,11
17-Jan-23,18,21,30,46,50,2,6
13-Jan-23,4,13,25,33,37,5,10
10-Jan-23,11,13,34,40,42,3,10
06-Jan-23,16,31,35,44,45,4,12
03-Jan-23,20,21,29,45,46,3,10
30-Dec-22,17,34,42,47,48,1,9
27-Dec-22,19,31,33,34,43,3,5
23-Dec-22,16,17,23,26,35,5,11
20-Dec-22,1,11,17,20,27,4,5
16-Dec-22,2,15,19,35,44,2,7
13-Dec-22,3,9,12,26,30,10,11
09-Dec-22,8,27,31,46,50,1,3
06-Dec-22,12,20,25,26,27,8,12
02-Dec-22,12,21,35,39,45,6,11
29-Nov-22,15,20,24,35,38,8,12
25-Nov-22,19,21,35,37,39,2,6
22-Nov-22,21,22,24,29,42,3,11
18-Nov-22,13,16,19,35,41,1,11
15-Nov-22,13,21,24,31,33,1,12
11-Nov-22,2,19,24,25,44,2,10
08-Nov-22,3,5,32,33,50,1,8
04-Nov-22,2,11,37,45,47,2,3
01-Nov-22,19,37,42,47,48,1,6
28-Oct-22,14,16,21,28,35,1,11
25-Oct-22,7,24,34,39,46,1,6
21-Oct-22,25,26,28,38,40,1,6
18-Oct-22,3,5,13,42,48,1,6
14-Oct-22,24,28,29,34,48,3,7
11-Oct-22,8,23,32,35,40,1,8
07-Oct-22,26,27,42,45,50,1,12
04-Oct-22,3,18,28,42,43,3,12
30-Sep-22,1,2,11,16,26,3,12
27-Sep-22,4,20,21,34,44,1,3
23-Sep-22,14,15,22,35,48,3,8
20-Sep-22,11,21,23,32,48,3,12
16-Sep-22,10,27,36,45,49,3,4
13-Sep-22,9,12,15,40,47,1,11
09-Sep-22,17,23,24,26,27,4,9
06-Sep-22,7,10,22,29,44,4,5
02-Sep-22,7,12,13,20,45,3,12
30-Aug-22,4,6,10,15,19,1,4
26-Aug-22,22,23,25,38,44,11,12
23-Aug-22,19,26,31,39,48,2,3
19-Aug-22,2,9,13,19,38,2,6
16-Aug-22,10,14,25,32,39,7,8
12-Aug-22,14,17,34,35,42,6,10
09-Aug-22,18,19,21,27,47,5,11
05-Aug-22,3,29,33,35,44,8,10
02-Aug-22,7,18,28,40,48,8,11
29-Jul-22,3,23,38,43,48,3,8
26-Jul-22,3,5,17,25,27,1,9
22-Jul-22,16,18,29,32,50,4,11
19-Jul-22,6,23,27,40,41,2,12
15-Jul-22,9,17,29,38,39,7,10
12-Jul-22,14,18,24,25,50,6,11
08-Jul-22,28,31,35,43,46,4,7
05-Jul-22,7,10,25,45,48,3,6
01-Jul-22,6,18,24,34,46,3,12
28-Jun-22,10,35,42,47,48,2,11
26-Jun-22,10,17,28,44,50,8,12
21-Jun-22,6,23,36,39,47,8,10
17-Jun-22,19,21,22,31,38,7,11
14-Jun-22,2,7,27,34,40,3,11
10-Jun-22,17,26,36,37,40,9,12
07-Jun-22,6,16,17,25,31,2,6
03-Jun-22,12,28,29,34,48,9,11
31-May-22,3,10,13,42,49,3,9
27-May-22,15,23,28,34,48,3,5
24-May-22,10,13,27,36,37,2,10
20-May-22,8,22,23,32,50,3,9
17-May-22,5,28,30,48,49,5,11
13-May-22,3,11,17,45,48,4,8
10-May-22,3,25,27,28,29,4,9
06-May-22,3,8,18,24,40,3,11
03-May-22,8,20,26,47,48,3,8
29-Apr-22,10,11,20,36,37,3,7
26-Apr-22,4,25,28,34,45,8,11
22-Apr-22,6,11,21,35,36,1,9
19-Apr-22,2,12,17,28,46,6,10
15-Apr-22,6,24,30,32,48,5,6
12-Apr-22,21,30,31,35,47,2,10
08-Apr-22,1,15,16,38,45,4,11
05-Apr-22,1,11,13,24,49,5,6
01-Apr-22,2,7,21,31,45,4,10
29-Mar-22,8,11,33,42,43,6,11
25-Mar-22,6,10,24,27,29,5,12
22-Mar-22,7,17,21,29,40,8,11
18-Mar-22,1,9,14,17,43,6,12
15-Mar-22,1,2,12,19,26,2,8
11-Mar-22,12,19,22,23,48,2,6
08-Mar-22,12,18,21,25,31,2,9
04-Mar-22,6,20,40,42,43,10,12
01-Mar-22,8,24,26,39,42,3,5
25-Feb-22,10,13,24,30,42,1,5
22-Feb-22,5,9,14,26,32,3,7
18-Feb-22,25,38,41,43,50,6,10
15-Feb-22,9,20,31,33,44,2,12
11-Feb-22,13,18,38,42,45,7,11
08-Feb-22,6,20,34,37,43,7,10
04-Feb-22,3,25,38,43,49,3,7
01-Feb-22,1,19,36,38,49,6,9
28-Jan-22,10,25,29,34,45,9,10
25-Jan-22,6,16,18,39,47,2,4
21-Jan-22,5,14,35,36,39,7,12
18-Jan-22,3,12,19,24,30,2,5
14-Jan-22,6,17,25,31,46,9,12
11-Jan-22,4,23,32,33,44,9,12
07-Jan-22,2,14,37,44,50,7,11
04-Jan-22,18,28,35,36,41,6,11
31-Dec-21,7,22,25,43,49,6,7
28-Dec-21,4,6,15,17,29,9,12
24-Dec-21,2,26,28,34,41,5,10
21-Dec-21,12,17,21,34,38,2,3
17-Dec-21,1,2,15,30,35,2,7
14-Dec-21,19,21,37,47,48,3,6
10-Dec-21,11,21,33,38,42,2,8
07-Dec-21,22,31,38,46,47,7,11
03-Dec-21,21,22,29,32,46,9,10
30-Nov-21,19,20,26,33,43,1,4
26-Nov-21,1,20,41,42,50,3,7
23-Nov-21,17,21,36,42,46,7,10
19-Nov-21,22,26,38,47,50,2,6
16-Nov-21,9,19,21,32,36,3,4
12-Nov-21,2,9,15,47,50,6,9
09-Nov-21,17,25,26,33,36,1,8
05-Nov-21,2,12,25,30,41,8,11
02-Nov-21,2,3,17,29,43,1,4
29-Oct-21,10,15,28,32,49,3,9
26-Oct-21,12,15,20,42,44,1,2
22-Oct-21,12,17,22,33,39,2,12
19-Oct-21,4,20,36,40,41,1,6
15-Oct-21,21,26,31,34,49,2,5
12-Oct-21,6,13,22,45,49,10,11
08-Oct-21,1,10,23,42,46,3,5
05-Oct-21,11,13,14,36,45,7,9
01-Oct-21,1,15,19,26,48,6,12
28-Sep-21,6,7,12,33,39,1,7
24-Sep-21,2,12,20,27,41,10,12
21-Sep-21,20,25,26,30,38,2,8
17-Sep-21,5,7,8,10,34,1,9
14-Sep-21,12,18,35,38,45,2,8
10-Sep-21,1,6,7,18,28,2,8
07-Sep-21,7,19,35,42,43,7,9
03-Sep-21,5,7,13,29,35,3,7
31-Aug-21,5,13,17,32,43,2,10
27-Aug-21,2,3,31,46,50,8,12
24-Aug-21,19,21,36,44,50,3,10
20-Aug-21,3,9,19,20,23,9,11
17-Aug-21,12,31,41,42,47,4,6
13-Aug-21,6,12,44,47,49,8,12
10-Aug-21,9,37,47,48,49,2,7
06-Aug-21,7,14,21,26,32,4,12
03-Aug-21,17,21,23,45,46,7,11
30-Jul-21,10,23,33,35,37,5,10
27-Jul-21,5,9,19,21,25,10,12
23-Jul-21,23,24,26,34,50,2,4
20-Jul-21,3,12,19,41,48,6,9
16-Jul-21,5,16,42,47,49,3,11
13-Jul-21,5,6,8,11,22,3,4
09-Jul-21,6,19,36,37,49,4,11
06-Jul-21,2,5,21,27,42,9,11
02-Jul-21,9,14,29,38,49,7,10
29-Jun-21,6,12,20,24,48,5,6
25-Jun-21,1,29,30,33,36,3,12
22-Jun-21,6,24,26,27,41,3,8
18-Jun-21,11,20,27,30,41,3,5
15-Jun-21,11,21,26,30,31,2,3
11-Jun-21,9,17,21,33,39,7,11
08-Jun-21,2,11,26,36,47,7,9
04-Jun-21,7,20,36,40,46,2,4
01-Jun-21,3,10,26,35,44,6,7
28-May-21,11,13,16,34,40,1,12
25-May-21,1,21,26,30,38,2,8
21-May-21,2,9,13,15,35,3,10
18-May-21,5,13,38,39,40,4,12
14-May-21,6,16,18,29,38,6,11
11-May-21,14,25,34,43,46,5,6
07-May-21,14,22,33,38,47,8,9
04-May-21,3,10,13,28,46,4,11
30-Apr-21,1,16,24,28,46,2,11
27-Apr-21,13,14,24,35,49,1,10
23-Apr-21,3,14,15,19,29,2,8
20-Apr-21,5,17,28,41,46,10,11
16-Apr-21,6,11,29,40,48,5,9
14-Apr-21,16,20,31,47,50,2,8
09-Apr-21,2,8,32,35,44,8,11
06-Apr-21,2,21,37,38,50,7,8
02-Apr-21,4,21,34,40,47,2,5
30-Mar-21,24,27,28,29,42,4,8
26-Mar-21,10,12,37,49,50,3,8
23-Mar-21,2,26,29,36,49,3,9
19-Mar-21,3,9,35,43,44,1,10
16-Mar-21,23,25,32,35,47,2,6
12-Mar-21,4,6,9,11,44,10,11
09-Mar-21,1,16,21,32,33,11,12
05-Mar-21,4,5,39,46,48,7,10
02-Mar-21,2,19,24,26,49,6,7
26-Feb-21,6,12,22,29,33,6,11
23-Feb-21,9,18,30,39,45,1,3
19-Feb-21,4,12,25,46,48,7,12
16-Feb-21,5,9,25,29,30,6,7
12-Feb-21,7,23,30,32,36,8,12
09-Feb-21,5,10,24,31,37,9,10
05-Feb-21,12,19,37,44,45,2,6
02-Feb-21,18,20,35,38,48,9,12
29-Jan-21,1,5,27,36,42,1,6
26-Jan-21,5,7,25,37,40,2,8
22-Jan-21,8,16,42,44,47,6,7
19-Jan-21,25,27,31,35,43,5,6
15-Jan-21,4,10,27,38,40,3,11
12-Jan-21,2,10,18,34,35,6,9
08-Jan-21,18,23,37,41,42,4,6
05-Jan-21,12,34,37,38,42,1,3
01-Jan-21,16,28,32,44,48,1,9
29-Dec-20,7,32,39,40,45,3,8
25-Dec-20,16,21,27,30,32,3,5
22-Dec-20,2,10,16,42,50,4,11
18-Dec-20,2,3,13,17,21,7,8
15-Dec-20,9,13,21,29,35,1,2
11-Dec-20,6,9,13,24,41,3,12
08-Dec-20,1,4,21,24,46,2,12
04-Dec-20,14,20,27,34,38,1,11
01-Dec-20,14,20,29,47,49,4,12
27-Nov-20,2,5,8,14,16,8,9
24-Nov-20,25,33,38,42,50,8,12
20-Nov-20,28,29,39,48,50,5,7
17-Nov-20,16,19,25,30,44,2,6
13-Nov-20,1,5,17,28,31,1,10
10-Nov-20,3,19,29,32,38,5,12
06-Nov-20,7,12,37,40,50,1,2
03-Nov-20,5,7,18,20,30,6,7
30-Oct-20,12,16,20,21,28,3,9
27-Oct-20,13,15,28,32,44,3,12
23-Oct-20,10,15,19,21,23,3,12
20-Oct-20,5,6,15,37,42,3,4
16-Oct-20,15,33,38,40,50,3,6
13-Oct-20,5,14,38,41,46,1,10
09-Oct-20,11,15,35,41,50,5,8
06-Oct-20,4,21,36,41,47,9,11
02-Oct-20,6,12,15,40,45,3,9
29-Sep-20,4,14,16,41,44,11,12
25-Sep-20,19,23,34,37,45,1,7
22-Sep-20,16,25,28,39,40,1,6
18-Sep-20,2,10,19,25,45,1,7
15-Sep-20,16,20,25,30,38,6,8
11-Sep-20,34,38,42,43,45,9,12
08-Sep-20,2,9,31,35,41,9,12
04-Sep-20,6,22,29,40,43,4,7
01-Sep-20,4,8,10,33,46,8,11
28-Aug-20,7,12,16,17,31,7,9
25-Aug-20,7,18,30,37,39,8,10
21-Aug-20,10,15,35,44,50,3,5
18-Aug-20,6,12,17,34,42,5,12
14-Aug-20,9,10,19,42,49,4,12
11-Aug-20,8,13,14,42,50,3,9
07-Aug-20,5,20,21,36,41,6,11
04-Aug-20,1,2,5,15,42,5,8
31-Jul-20,21,24,30,46,49,2,5
28-Jul-20,9,13,15,17,34,2,7
24-Jul-20,8,9,27,28,50,4,12
21-Jul-20,14,15,24,29,42,2,4
17-Jul-20,7,15,27,41,43,7,9
14-Jul-20,11,22,30,37,47,9,10
10-Jul-20,15,17,23,30,38,2,7
07-Jul-20,12,16,23,33,41,8,10
03-Jul-20,4,16,27,37,39,3,6
30-Jun-20,1,6,11,28,42,2,10
26-Jun-20,1,10,12,21,26,5,11
23-Jun-20,2,12,19,46,49,1,8
19-Jun-20,5,14,19,24,43,3,11
16-Jun-20,4,9,11,17,39,2,10
12-Jun-20,2,24,39,45,46,4,8
09-Jun-20,5,15,27,36,46,2,8
05-Jun-20,5,11,17,24,37,3,6
02-Jun-20,10,12,22,26,49,7,11
29-May-20,4,8,11,19,46,4,8
26-May-20,4,9,14,21,27,4,6
22-May-20,3,18,22,27,32,2,7
19-May-20,5,25,32,37,43,6,7
15-May-20,11,23,32,34,39,1,6
12-May-20,9,16,29,37,39,4,11
08-May-20,8,25,32,33,38,7,9
05-May-20,2,10,22,27,41,2,3
01-May-20,19,20,38,45,47,2,6
28-Apr-20,15,23,26,28,32,1,5
24-Apr-20,1,5,19,21,28,4,7
21-Apr-20,10,11,14,23,28,6,8
17-Apr-20,16,28,32,37,45,1,11
14-Apr-20,6,29,34,35,40,4,11
10-Apr-20,3,10,17,33,39,1,4
07-Apr-20,4,5,14,33,48,7,12
03-Apr-20,16,19,34,46,50,2,6
31-Mar-20,12,17,24,30,36,1,9
27-Mar-20,11,14,27,41,46,2,3
24-Mar-20,7,12,26,30,33,10,11
20-Mar-20,3,9,20,34,40,6,12
17-Mar-20,5,7,8,16,20,2,12
13-Mar-20,3,11,21,27,36,9,10
10-Mar-20,11,23,30,37,43,5,12
06-Mar-20,15,38,43,45,46,1,11
03-Mar-20,4,14,27,44,45,1,10
28-Feb-20,8,11,20,22,23,3,4
25-Feb-20,1,4,18,27,42,4,6
21-Feb-20,7,23,30,32,45,5,9
18-Feb-20,11,32,34,38,47,2,10
14-Feb-20,5,20,35,41,49,6,10
11-Feb-20,24,26,32,43,46,6,10
07-Feb-20,9,15,17,25,40,3,9
04-Feb-20,21,23,33,35,47,6,7
31-Jan-20,13,18,20,23,30,2,4
28-Jan-20,1,19,27,31,38,4,5
24-Jan-20,3,4,6,9,24,5,8
21-Jan-20,10,11,24,36,46,3,5
17-Jan-20,8,19,20,29,44,3,8
14-Jan-20,21,25,29,39,44,8,9
10-Jan-20,6,17,32,44,46,2,6
07-Jan-20,5,8,12,37,43,6,11
03-Jan-20,5,15,20,36,47,8,12
31-Dec-19,26,31,33,41,48,2,4
27-Dec-19,1,7,22,26,35,5,10
24-Dec-19,3,11,13,14,47,3,6
20-Dec-19,8,24,30,32,34,3,4
17-Dec-19,1,7,12,25,49,6,9
13-Dec-19,9,16,18,23,32,2,10
10-Dec-19,2,10,19,21,47,2,8
06-Dec-19,1,3,27,39,46,1,10
03-Dec-19,18,31,32,38,48,4,12
29-Nov-19,3,7,12,42,50,6,8
26-Nov-19,2,3,15,19,34,5,8
22-Nov-19,3,21,32,34,48,3,11
19-Nov-19,8,10,15,30,42,4,6
15-Nov-19,3,13,20,32,34,4,11
12-Nov-19,1,21,23,25,39,2,4
08-Nov-19,8,17,20,23,45,2,8
05-Nov-19,9,14,25,33,48,2,12
01-Nov-19,2,20,39,44,48,5,7
29-Oct-19,16,18,28,42,49,5,10
25-Oct-19,34,37,39,40,50,4,10
22-Oct-19,2,5,32,33,47,7,8
18-Oct-19,8,18,22,41,42,11,12
15-Oct-19,3,28,31,32,34,4,5
11-Oct-19,2,14,19,42,45,5,6
08-Oct-19,7,10,15,44,49,3,12
04-Oct-19,6,9,35,41,44,6,9
01-Oct-19,2,11,18,40,46,1,4
27-Sep-19,24,37,41,43,46,2,8
24-Sep-19,2,33,42,47,48,1,2
20-Sep-19,8,21,25,38,50,4,8
17-Sep-19,22,37,43,44,45,1,12
13-Sep-19,1,12,27,42,47,6,7
10-Sep-19,3,22,25,30,49,3,6
06-Sep-19,10,13,22,40,48,2,5
03-Sep-19,7,11,38,39,44,7,10
30-Aug-19,25,27,45,46,49,4,6
27-Aug-19,8,26,35,43,47,1,9
23-Aug-19,4,17,35,42,45,2,8
20-Aug-19,20,22,23,24,37,1,4
16-Aug-19,9,10,27,37,42,1,5
13-Aug-19,13,29,31,33,40,2,3
09-Aug-19,2,14,35,41,42,10,11
06-Aug-19,12,13,29,36,38,4,12
02-Aug-19,13,22,33,44,50,2,5
30-Jul-19,15,20,23,27,40,3,6
26-Jul-19,2,5,27,37,42,3,10
23-Jul-19,1,14,19,23,38,3,7
19-Jul-19,13,14,17,26,28,2,7
16-Jul-19,3,5,13,18,39,7,8
12-Jul-19,2,31,39,45,47,4,8
09-Jul-19,7,29,32,36,41,6,7
05-Jul-19,2,9,20,34,42,6,9
02-Jul-19,11,19,29,44,45,8,12
28-Jun-19,1,3,16,33,49,2,11
25-Jun-19,6,26,27,34,46,1,9
21-Jun-19,5,8,9,25,39,3,7
18-Jun-19,12,24,37,40,44,3,7
14-Jun-19,1,13,30,31,39,2,7
11-Jun-19,25,27,39,42,46,11,12
07-Jun-19,1,4,16,20,34,2,5
04-Jun-19,9,31,32,39,41,2,8
31-May-19,1,23,24,26,35,1,11
28-May-19,7,19,20,28,29,1,5
24-May-19,5,16,23,30,49,6,7
21-May-19,32,33,34,39,47,8,12
17-May-19,16,28,42,43,45,6,7
14-May-19,10,14,17,25,50,2,10
10-May-19,1,4,27,45,48,1,7
07-May-19,7,20,26,32,47,2,11
03-May-19,2,9,20,27,43,5,6
30-Apr-19,5,12,20,26,48,2,11
26-Apr-19,14,33,35,47,50,9,11
23-Apr-19,18,23,27,42,44,2,7
19-Apr-19,7,8,32,41,49,5,11
16-Apr-19,1,8,15,44,49,2,11
12-Apr-19,1,28,35,36,46,6,9
09-Apr-19,18,21,29,38,41,1,11
05-Apr-19,1,7,10,29,45,3,5
02-Apr-19,2,9,16,26,36,6,7
29-Mar-19,13,23,26,32,47,6,10
26-Mar-19,12,19,23,43,47,2,6
22-Mar-19,4,17,26,30,43,6,11
19-Mar-19,1,6,9,34,47,7,12
15-Mar-19,3,15,24,42,46,9,12
12-Mar-19,5,7,13,19,31,2,9
08-Mar-19,17,18,19,24,40,4,8
05-Mar-19,6,10,16,39,46,8,11
01-Mar-19,6,9,19,26,31,11,12
26-Feb-19,3,15,29,35,47,3,4
22-Feb-19,3,27,29,33,50,3,7
19-Feb-19,1,8,18,19,39,7,9
15-Feb-19,15,27,34,38,49,2,10
12-Feb-19,6,34,36,41,50,1,5
08-Feb-19,11,12,13,39,46,7,10
05-Feb-19,14,25,31,37,43,2,3
01-Feb-19,3,21,26,41,46,1,6
29-Jan-19,14,24,26,32,39,3,8
25-Jan-19,1,6,13,15,16,6,10
22-Jan-19,9,23,29,41,49,8,10
18-Jan-19,5,6,16,30,46,5,10
15-Jan-19,22,25,29,33,35,3,6
11-Jan-19,1,19,31,39,48,1,6
08-Jan-19,3,19,22,31,32,2,11
04-Jan-19,7,11,19,27,37,6,10
01-Jan-19,1,8,11,25,28,4,6
28-Dec-18,13,16,34,35,45,10,12
25-Dec-18,4,5,8,31,43,2,9
21-Dec-18,2,12,15,34,50,3,4
18-Dec-18,1,9,18,39,48,5,7
14-Dec-18,12,29,38,42,44,2,12
11-Dec-18,4,7,13,23,42,1,3
07-Dec-18,11,17,26,37,48,1,10
04-Dec-18,19,20,21,42,45,8,9
30-Nov-18,3,10,12,23,26,1,12
27-Nov-18,4,16,17,18,32,2,11
23-Nov-18,5,8,25,26,30,3,10
20-Nov-18,6,19,39,45,48,7,12
16-Nov-18,9,10,13,28,41,1,12
13-Nov-18,2,7,10,13,42,3,6
09-Nov-18,14,17,32,37,49,11,12
06-Nov-18,14,24,36,40,43,2,9
02-Nov-18,5,15,17,37,44,7,11
30-Oct-18,17,23,27,43,44,1,12
26-Oct-18,5,18,21,31,35,6,9
23-Oct-18,1,2,5,21,32,2,12
19-Oct-18,1,3,29,47,48,3,12
16-Oct-18,15,28,37,40,42,1,6
12-Oct-18,4,9,12,31,43,5,8
09-Oct-18,3,12,36,44,45,8,11
05-Oct-18,8,16,24,26,35,3,11
02-Oct-18,7,17,29,37,45,3,11
28-Sep-18,2,4,8,27,50,2,9
25-Sep-18,6,15,20,30,38,4,7
21-Sep-18,5,7,21,25,37,3,4
18-Sep-18,3,8,10,32,45,4,12
14-Sep-18,1,3,33,40,45,3,4
11-Sep-18,9,18,32,38,46,2,3
07-Sep-18,4,23,27,31,50,1,8
04-Sep-18,5,14,28,30,47,4,11
31-Aug-18,4,30,31,38,42,4,6
28-Aug-18,4,16,32,42,46,8,12
24-Aug-18,3,14,31,36,50,1,12
21-Aug-18,16,23,42,43,49,10,12
17-Aug-18,2,15,18,24,43,8,12
14-Aug-18,1,15,18,25,31,9,11
10-Aug-18,18,20,36,43,44,3,9
07-Aug-18,16,28,29,30,36,8,10
03-Aug-18,7,26,36,38,43,6,12
31-Jul-18,20,25,34,42,45,6,11
27-Jul-18,11,17,22,23,41,6,11
24-Jul-18,2,4,23,39,40,3,9
20-Jul-18,2,15,40,43,46,3,6
17-Jul-18,4,6,27,48,50,1,11
13-Jul-18,1,4,14,21,49,2,12
10-Jul-18,3,8,26,33,45,7,10
06-Jul-18,8,30,33,38,48,2,10
03-Jul-18,1,12,15,29,48,3,5
29-Jun-18,15,21,23,40,48,3,12
26-Jun-18,15,16,20,34,50,4,7
22-Jun-18,14,25,39,41,44,2,8
19-Jun-18,7,19,26,42,50,4,9
15-Jun-18,23,26,33,38,49,1,12
12-Jun-18,7,21,23,36,38,6,8
08-Jun-18,8,19,32,43,46,2,8
05-Jun-18,9,15,22,39,46,4,5
01-Jun-18,17,18,24,29,40,4,5
29-May-18,6,11,20,38,43,2,4
25-May-18,13,15,16,28,41,4,5
22-May-18,1,11,37,41,48,8,12
18-May-18,5,8,10,13,31,3,6
15-May-18,4,16,20,31,39,2,12
11-May-18,3,22,34,49,50,8,11
08-May-18,17,25,35,39,44,2,5
04-May-18,6,12,23,39,45,9,12
01-May-18,6,15,17,42,48,4,6
27-Apr-18,12,24,40,41,46,5,12
24-Apr-18,20,23,28,30,44,3,7
20-Apr-18,3,16,25,39,44,7,11
17-Apr-18,15,27,33,39,50,4,6
13-Apr-18,5,25,34,48,50,6,7
10-Apr-18,14,27,39,46,48,11,12
06-Apr-18,1,29,33,45,47,4,8
03-Apr-18,3,8,16,40,43,5,8
30-Mar-18,12,17,28,35,47,7,11
27-Mar-18,17,20,23,40,46,9,10
23-Mar-18,5,7,11,46,50,8,11
20-Mar-18,26,29,37,39,44,9,11
16-Mar-18,4,17,24,27,31,10,11
13-Mar-18,9,11,13,33,49,6,12
09-Mar-18,9,14,21,32,44,1,12
06-Mar-18,15,20,26,31,44,2,9
02-Mar-18,2,7,34,45,48,1,12
27-Feb-18,3,31,41,48,50,8,11
23-Feb-18,10,17,18,28,47,3,7
20-Feb-18,6,14,19,25,29,5,11
16-Feb-18,10,12,23,32,50,4,10
13-Feb-18,10,13,17,21,44,1,10
09-Feb-18,22,31,36,38,44,1,11
06-Feb-18,8,17,28,34,38,6,12
02-Feb-18,14,34,36,39,48,2,3
30-Jan-18,11,15,21,27,35,4,5
26-Jan-18,6,15,24,28,48,4,9
23-Jan-18,5,6,9,23,24,7,8
19-Jan-18,3,8,17,44,50,2,7
16-Jan-18,20,23,31,34,46,3,12
12-Jan-18,13,21,23,30,45,4,6
09-Jan-18,6,12,15,38,49,2,9
05-Jan-18,2,5,20,38,41,4,8
02-Jan-18,10,20,21,28,48,1,8
29-Dec-17,4,8,22,23,48,1,12
26-Dec-17,4,17,30,43,44,2,10
22-Dec-17,5,24,30,31,43,3,6
19-Dec-17,8,15,30,38,46,4,7
15-Dec-17,25,30,31,42,50,2,11
12-Dec-17,20,37,39,44,50,4,8
08-Dec-17,4,22,30,32,34,3,4
05-Dec-17,11,36,43,44,48,2,7
01-Dec-17,5,24,29,35,46,11,12
28-Nov-17,1,6,12,18,42,2,7
24-Nov-17,19,24,28,30,50,3,10
21-Nov-17,2,10,14,28,31,5,7
17-Nov-17,20,26,35,36,42,5,12
14-Nov-17,14,16,39,40,41,8,10
10-Nov-17,13,22,29,36,37,1,9
07-Nov-17,7,19,20,37,41,2,12
03-Nov-17,5,12,17,33,41,4,9
31-Oct-17,1,12,36,43,46,3,5
27-Oct-17,3,16,23,32,39,1,4
24-Oct-17,9,11,13,27,33,7,10
20-Oct-17,4,17,23,27,30,3,8
17-Oct-17,13,17,19,26,36,2,3
13-Oct-17,23,29,37,45,50,5,11
10-Oct-17,4,21,34,36,37,3,6
06-Oct-17,1,9,15,19,25,1,7
03-Oct-17,6,24,32,48,50,1,5
29-Sep-17,7,18,19,32,48,3,7
26-Sep-17,1,29,40,41,48,6,12
22-Sep-17,6,11,31,39,42,1,3
19-Sep-17,1,8,21,30,45,2,3
15-Sep-17,13,18,37,44,49,9,12
12-Sep-17,10,17,27,29,35,4,11
08-Sep-17,9,24,42,47,49,1,5
05-Sep-17,6,9,18,28,29,1,9
01-Sep-17,3,7,8,14,49,5,8
29-Aug-17,4,12,15,32,38,1,5
25-Aug-17,1,5,7,15,47,9,12
22-Aug-17,3,10,12,17,27,3,5
18-Aug-17,2,24,39,42,45,2,8
15-Aug-17,10,14,30,35,46,4,10
11-Aug-17,18,28,39,46,48,5,12
08-Aug-17,15,25,26,40,41,4,5
04-Aug-17,29,30,36,40,41,2,9
01-Aug-17,14,21,24,29,30,8,10
28-Jul-17,5,9,29,31,41,2,4
25-Jul-17,12,14,43,44,48,2,11
21-Jul-17,1,8,9,26,49,5,9
18-Jul-17,1,25,27,41,45,5,7
14-Jul-17,11,14,20,21,47,7,10
11-Jul-17,14,22,26,42,50,8,10
07-Jul-17,11,20,35,37,45,3,6
04-Jul-17,10,22,25,37,49,5,8
30-Jun-17,17,35,39,47,50,6,8
27-Jun-17,9,17,21,28,45,1,3
23-Jun-17,3,4,21,31,38,3,7
20-Jun-17,11,18,26,43,44,8,10
16-Jun-17,15,17,38,41,42,9,12
13-Jun-17,3,12,22,27,49,4,11
09-Jun-17,9,20,27,39,43,10,11
06-Jun-17,20,22,25,37,40,3,7
02-Jun-17,8,10,24,33,42,3,9
30-May-17,7,12,27,38,48,6,9
26-May-17,5,7,26,36,39,2,10
23-May-17,8,15,25,27,42,1,4
19-May-17,9,11,12,19,30,4,9
16-May-17,8,11,15,20,30,3,8
12-May-17,2,20,28,29,44,3,9
09-May-17,8,12,16,22,26,6,7
05-May-17,3,7,30,35,43,1,3
02-May-17,6,19,23,25,27,11,12
28-Apr-17,14,20,25,30,39,2,8
25-Apr-17,9,11,19,32,43,3,9
21-Apr-17,2,13,16,22,49,4,5
18-Apr-17,17,22,31,38,45,5,12
14-Apr-17,4,14,20,23,33,6,10
11-Apr-17,5,21,22,31,49,2,8
07-Apr-17,2,10,19,35,50,6,7
04-Apr-17,1,9,24,33,34,2,6
31-Mar-17,17,24,26,28,45,4,12
28-Mar-17,9,13,31,33,46,6,10
24-Mar-17,2,17,21,27,34,5,9
21-Mar-17,1,20,23,44,47,4,11
17-Mar-17,6,10,19,29,36,3,9
14-Mar-17,3,5,21,36,44,3,6
10-Mar-17,31,36,38,47,49,8,11
07-Mar-17,6,37,41,48,50,4,5
03-Mar-17,2,11,29,30,47,1,12
28-Feb-17,10,20,31,35,42,2,12
24-Feb-17,2,4,13,22,43,8,9
21-Feb-17,13,19,41,45,49,3,4
17-Feb-17,19,25,33,36,48,2,9
14-Feb-17,2,10,24,40,44,3,10
10-Feb-17,7,21,26,35,43,2,9
07-Feb-17,4,10,31,38,44,8,10
03-Feb-17,3,4,15,46,50,5,9
31-Jan-17,3,4,17,23,44,6,9
27-Jan-17,17,20,28,45,48,5,9
24-Jan-17,1,5,7,17,23,3,8
20-Jan-17,10,17,27,31,49,3,5
17-Jan-17,4,16,25,43,47,2,10
13-Jan-17,3,7,16,26,50,4,7
10-Jan-17,2,11,29,35,44,4,9
06-Jan-17,10,14,18,21,49,9,11
03-Jan-17,19,23,27,34,49,1,11
30-Dec-16,8,10,22,29,47,1,3
27-Dec-16,3,22,25,32,39,7,12
23-Dec-16,4,16,20,39,46,2,5
20-Dec-16,13,15,17,21,27,2,3
16-Dec-16,6,10,30,41,45,4,11
13-Dec-16,14,28,29,48,50,2,8
09-Dec-16,6,12,28,37,40,1,5
06-Dec-16,1,7,11,27,45,4,9
02-Dec-16,6,11,23,31,32,2,12
29-Nov-16,21,26,27,28,38,9,11
25-Nov-16,5,11,17,23,28,10,11
22-Nov-16,5,10,33,34,47,2,10
18-Nov-16,3,12,27,32,47,6,8
15-Nov-16,7,15,36,42,48,3,7
11-Nov-16,3,22,23,38,49,2,9
08-Nov-16,5,9,47,49,50,8,9
04-Nov-16,7,11,12,44,48,3,7
01-Nov-16,6,10,20,29,37,1,9
28-Oct-16,10,16,19,23,43,2,8
25-Oct-16,3,15,20,21,28,1,5
21-Oct-16,9,20,23,44,48,8,10
18-Oct-16,2,17,21,25,27,6,9
14-Oct-16,7,13,19,31,34,1,11
11-Oct-16,5,12,20,24,37,4,11
07-Oct-16,2,12,20,27,30,9,11
04-Oct-16,4,7,14,34,38,4,11
30-Sep-16,17,35,37,43,44,2,10
27-Sep-16,6,9,13,39,41,2,12
23-Sep-16,14,16,39,42,49,3,9
20-Sep-16,1,4,10,41,45,6,9
16-Sep-16,5,8,14,22,32,2,11
13-Sep-16,4,7,16,35,44,1,3
09-Sep-16,4,11,15,17,28,1,3
06-Sep-16,12,24,30,34,45,7,10
02-Sep-16,8,16,32,40,50,2,11
30-Aug-16,13,16,29,35,42,6,8
26-Aug-16,1,9,28,30,48,7,8
23-Aug-16,2,23,31,37,45,4,8
19-Aug-16,5,6,22,25,34,5,7
16-Aug-16,2,26,34,37,46,4,8
12-Aug-16,2,15,28,36,50,2,11
09-Aug-16,12,19,43,44,45,5,10
05-Aug-16,16,19,24,35,37,2,7
02-Aug-16,2,8,27,38,46,2,6
29-Jul-16,1,21,26,40,50,2,4
26-Jul-16,3,10,13,45,49,2,11
22-Jul-16,7,24,26,37,45,5,9
19-Jul-16,19,24,28,36,37,3,6
15-Jul-16,2,11,13,14,21,1,8
12-Jul-16,3,7,26,33,41,2,10
08-Jul-16,8,12,18,33,44,4,8
05-Jul-16,1,10,29,38,48,3,4
01-Jul-16,2,11,13,40,50,1,10
28-Jun-16,26,32,37,43,49,4,5
24-Jun-16,11,19,27,28,39,3,10
21-Jun-16,5,17,32,35,49,1,5
17-Jun-16,1,7,18,27,43,4,8
14-Jun-16,13,34,39,42,50,9,11
10-Jun-16,14,21,35,42,43,7,9
07-Jun-16,19,26,35,45,49,2,5
03-Jun-16,7,23,31,33,39,6,10
31-May-16,6,12,26,30,48,6,7
27-May-16,13,25,27,43,46,4,8
24-May-16,16,17,23,34,37,6,9
20-May-16,9,14,30,41,45,4,9
17-May-16,15,27,32,36,39,3,10
13-May-16,7,15,28,31,42,10,11
10-May-16,2,26,27,40,49,5,10
06-May-16,32,34,40,45,48,1,10
03-May-16,8,23,24,34,38,3,7
29-Apr-16,4,5,25,28,43,6,11
26-Apr-16,10,17,31,32,42,2,5
22-Apr-16,17,26,32,34,43,2,10
19-Apr-16,11,14,15,27,44,2,7
15-Apr-16,13,14,32,37,48,1,7
12-Apr-16,1,5,9,22,38,2,10
08-Apr-16,6,8,26,43,49,6,10
05-Apr-16,3,5,9,19,40,2,5
01-Apr-16,2,16,23,25,49,6,9
29-Mar-16,1,4,19,25,36,3,11
25-Mar-16,12,19,36,42,43,5,8
22-Mar-16,12,15,26,42,49,5,8
18-Mar-16,14,19,21,24,49,5,11
15-Mar-16,5,7,10,34,44,2,10
11-Mar-16,1,21,26,40,43,6,9
08-Mar-16,1,8,9,14,23,1,7
04-Mar-16,9,14,16,23,40,1,5
01-Mar-16,4,7,13,28,37,10,11
26-Feb-16,5,13,15,33,50,9,11
23-Feb-16,23,25,32,37,42,1,11
19-Feb-16,13,14,30,32,39,3,9
16-Feb-16,3,10,22,37,50,6,10
12-Feb-16,3,20,28,31,49,2,5
09-Feb-16,6,9,13,28,37,4,5
05-Feb-16,3,27,32,41,46,4,8
02-Feb-16,6,9,10,21,36,2,6
29-Jan-16,1,5,23,29,32,1,7
26-Jan-16,15,24,38,40,48,2,9
22-Jan-16,10,12,27,30,47,8,9
19-Jan-16,2,30,38,43,46,2,7
15-Jan-16,10,19,38,43,46,1,11
12-Jan-16,1,2,10,30,44,1,8
08-Jan-16,5,26,33,35,40,3,8
05-Jan-16,6,10,31,36,39,6,10
01-Jan-16,4,37,38,39,44,4,7
29-Dec-15,5,20,31,32,36,6,7
25-Dec-15,3,10,25,27,40,3,9
22-Dec-15,18,19,20,40,41,7,10
18-Dec-15,6,22,26,29,48,5,6
15-Dec-15,8,11,23,27,35,4,11
11-Dec-15,3,5,21,40,43,6,11
08-Dec-15,12,17,29,38,48,9,11
04-Dec-15,8,17,18,27,39,1,7
01-Dec-15,2,15,25,35,45,8,10
27-Nov-15,16,29,30,37,50,6,8
24-Nov-15,9,14,16,17,26,10,11
20-Nov-15,4,30,34,46,49,7,8
17-Nov-15,6,7,23,37,38,10,11
13-Nov-15,10,17,18,33,40,2,8
10-Nov-15,6,13,18,39,43,2,8
06-Nov-15,3,17,26,38,40,4,10
03-Nov-15,8,27,39,46,49,2,6
30-Oct-15,8,13,17,21,34,6,7
27-Oct-15,11,12,20,25,36,6,9
23-Oct-15,7,25,30,32,39,2,8
20-Oct-15,17,19,21,30,45,8,10
16-Oct-15,7,28,29,43,48,3,10
13-Oct-15,12,15,26,29,47,3,11
09-Oct-15,1,40,42,43,47,9,11
06-Oct-15,11,20,22,29,32,1,8
02-Oct-15,7,18,21,32,35,2,11
29-Sep-15,11,14,26,29,49,3,9
25-Sep-15,13,14,23,30,37,2,8
22-Sep-15,14,23,26,27,29,7,10
18-Sep-15,7,29,33,34,39,7,8
15-Sep-15,8,15,17,44,49,5,8
11-Sep-15,10,18,19,29,50,1,9
08-Sep-15,14,16,39,40,42,1,4
04-Sep-15,8,9,27,45,50,8,10
01-Sep-15,6,19,21,27,45,1,8
28-Aug-15,11,29,30,31,34,4,7
25-Aug-15,27,31,33,42,50,2,5
21-Aug-15,4,16,18,43,47,6,10
18-Aug-15,7,10,11,12,19,2,9
14-Aug-15,4,7,39,44,45,3,5
11-Aug-15,2,3,8,15,16,4,11
07-Aug-15,1,5,21,39,44,4,11
04-Aug-15,10,15,39,45,50,9,10
31-Jul-15,16,21,34,40,50,6,9
28-Jul-15,23,32,36,43,49,7,8
24-Jul-15,2,9,21,35,46,2,11
21-Jul-15,14,20,27,29,44,7,10
17-Jul-15,1,21,22,43,48,7,9
14-Jul-15,6,18,19,34,36,1,8
10-Jul-15,5,8,15,35,41,4,5
07-Jul-15,6,7,18,33,41,3,10
03-Jul-15,11,12,15,18,44,3,9
30-Jun-15,11,15,28,34,37,1,8
26-Jun-15,3,6,10,19,24,5,7
23-Jun-15,4,16,22,38,49,6,9
19-Jun-15,7,14,20,31,42,3,9
16-Jun-15,10,15,16,36,37,3,9
12-Jun-15,5,8,10,11,37,7,9
09-Jun-15,5,9,17,32,34,6,8
05-Jun-15,2,7,8,45,48,1,9
02-Jun-15,7,23,29,37,41,1,8
29-May-15,3,4,20,45,48,6,8
26-May-15,5,6,7,21,24,5,6
22-May-15,18,24,35,44,45,5,11
19-May-15,26,30,31,35,37,8,11
15-May-15,5,35,42,44,47,8,9
12-May-15,14,29,30,40,46,3,6
08-May-15,7,14,19,47,49,3,10
05-May-15,1,10,17,20,42,8,9
01-May-15,3,19,20,25,26,6,10
28-Apr-15,24,26,28,36,45,7,10
24-Apr-15,5,19,29,31,40,3,10
21-Apr-15,6,14,17,42,45,1,8
17-Apr-15,2,24,30,34,39,8,11
14-Apr-15,24,32,34,35,49,1,2
10-Apr-15,22,23,25,30,43,5,9
07-Apr-15,18,25,39,44,50,5,8
03-Apr-15,27,29,37,39,49,2,4
31-Mar-15,8,20,24,28,49,8,9
27-Mar-15,2,30,32,39,44,6,10
24-Mar-15,10,24,26,39,40,3,10
20-Mar-15,3,14,37,42,48,1,10
17-Mar-15,11,23,26,38,44,1,8
13-Mar-15,4,5,18,22,23,1,3
10-Mar-15,2,6,23,30,31,2,10
06-Mar-15,23,30,47,49,50,2,7
03-Mar-15,6,8,11,13,21,7,8
27-Feb-15,5,14,17,25,47,9,10
24-Feb-15,3,25,28,34,50,1,11
20-Feb-15,4,10,14,37,46,4,7
17-Feb-15,2,5,18,30,43,1,10
13-Feb-15,12,24,39,42,44,3,11
10-Feb-15,13,17,20,30,45,9,10
06-Feb-15,10,26,30,39,50,7,8
03-Feb-15,17,31,33,44,50,7,11
30-Jan-15,9,13,15,19,24,3,8
27-Jan-15,5,10,31,33,40,8,10
23-Jan-15,6,29,30,38,45,1,8
20-Jan-15,15,33,41,44,47,8,10
16-Jan-15,29,30,32,34,46,3,6
13-Jan-15,8,17,21,31,34,9,10
09-Jan-15,6,21,24,32,45,1,11
06-Jan-15,14,20,30,38,49,3,4
02-Jan-15,22,24,25,28,49,3,6
30-Dec-14,6,18,39,44,50,8,11
26-Dec-14,17,26,27,45,49,2,3
23-Dec-14,8,9,19,25,49,2,10
19-Dec-14,23,29,31,39,44,5,8
16-Dec-14,3,7,12,13,25,5,8
12-Dec-14,2,15,28,31,37,4,6
09-Dec-14,1,3,31,42,46,4,11
05-Dec-14,5,8,37,47,48,2,3
02-Dec-14,3,15,25,44,49,1,9
28-Nov-14,6,10,15,23,41,4,10
25-Nov-14,3,7,25,32,36,1,6
21-Nov-14,4,7,28,32,37,5,10
18-Nov-14,2,3,17,36,38,4,11
14-Nov-14,17,32,36,38,48,5,8
11-Nov-14,2,14,21,36,46,7,11
07-Nov-14,13,25,32,38,46,1,10
04-Nov-14,1,6,13,17,26,3,5
31-Oct-14,10,13,20,33,41,3,9
28-Oct-14,10,15,17,40,45,1,2
24-Oct-14,3,9,20,30,42,1,6
21-Oct-14,20,21,27,33,40,3,10
17-Oct-14,1,13,40,48,49,8,10
14-Oct-14,4,5,15,23,32,3,7
10-Oct-14,6,29,42,45,47,9,10
07-Oct-14,9,21,28,30,38,1,8
03-Oct-14,4,13,23,48,50,5,10
30-Sep-14,3,13,15,33,42,5,7
26-Sep-14,13,27,35,46,47,1,2
23-Sep-14,12,13,14,29,35,1,7
19-Sep-14,6,8,34,38,48,3,9
16-Sep-14,4,29,30,35,50,2,4
12-Sep-14,9,13,26,31,33,7,11
09-Sep-14,8,15,19,24,35,8,10
05-Sep-14,1,18,23,46,50,3,9
02-Sep-14,5,25,31,39,45,1,8
29-Aug-14,2,9,26,32,38,3,6
26-Aug-14,10,22,36,45,48,4,11
22-Aug-14,4,17,29,35,49,1,2
19-Aug-14,4,7,11,34,47,7,8
15-Aug-14,4,5,21,23,30,8,10
12-Aug-14,7,16,19,22,33,2,5
08-Aug-14,21,29,35,43,46,1,9
05-Aug-14,5,7,19,21,42,5,11
01-Aug-14,24,44,46,48,50,5,10
29-Jul-14,10,23,35,40,43,3,9
25-Jul-14,9,10,12,24,43,5,9
22-Jul-14,1,24,43,45,50,5,8
18-Jul-14,1,11,29,41,43,3,11
15-Jul-14,15,18,20,27,34,1,3
11-Jul-14,5,22,35,38,49,4,7
08-Jul-14,8,18,22,24,27,4,11
04-Jul-14,4,18,39,43,47,2,6
01-Jul-14,18,22,25,27,39,5,10
27-Jun-14,31,33,34,39,45,2,10
24-Jun-14,1,7,20,21,48,4,7
20-Jun-14,5,15,25,38,49,1,2
17-Jun-14,11,13,37,40,48,8,9
13-Jun-14,16,18,22,28,46,9,11
10-Jun-14,12,18,21,32,33,1,11
06-Jun-14,7,25,34,40,49,9,11
03-Jun-14,2,15,32,39,44,5,10
30-May-14,5,24,27,41,45,6,7
27-May-14,7,13,16,25,26,1,6
23-May-14,3,8,31,34,47,9,11
20-May-14,5,33,36,38,47,4,9
16-May-14,23,26,29,37,40,3,4
13-May-14,4,13,30,34,47,2,6
09-May-14,3,21,26,28,45,7,10
06-May-14,5,19,24,31,37,1,9
02-May-14,4,30,31,38,42,2,11
29-Apr-14,18,23,26,35,44,3,11
25-Apr-14,13,21,24,44,49,1,9
22-Apr-14,13,15,20,24,46,1,8
18-Apr-14,21,24,31,39,47,3,7
15-Apr-14,3,14,26,47,50,7,11
11-Apr-14,8,12,19,30,33,4,11
08-Apr-14,11,18,29,42,49,4,11
04-Apr-14,6,10,28,45,50,10,11
01-Apr-14,16,18,26,38,44,8,10
28-Mar-14,3,4,19,28,43,3,7
25-Mar-14,7,20,26,28,50,2,8
21-Mar-14,7,30,37,39,42,5,7
18-Mar-14,8,27,34,36,39,5,10
14-Mar-14,6,24,25,27,30,5,9
11-Mar-14,1,4,23,33,44,7,8
07-Mar-14,5,10,38,40,41,1,8
04-Mar-14,3,5,22,27,44,1,6
28-Feb-14,12,32,38,43,44,2,7
25-Feb-14,21,25,28,35,42,4,6
21-Feb-14,13,17,28,30,32,5,7
18-Feb-14,23,26,36,37,49,6,7
14-Feb-14,2,4,6,19,39,2,7
11-Feb-14,8,17,25,41,47,1,2
07-Feb-14,3,17,19,46,47,9,10
04-Feb-14,1,21,33,37,38,4,8
31-Jan-14,8,10,15,16,31,8,9
28-Jan-14,18,20,23,42,48,2,9
24-Jan-14,5,19,34,35,41,1,5
21-Jan-14,4,12,35,42,48,5,8
17-Jan-14,19,26,32,33,42,4,10
14-Jan-14,18,20,25,26,37,10,11
10-Jan-14,1,2,11,27,29,1,10
07-Jan-14,2,20,27,33,45,6,10
03-Jan-14,3,27,31,38,44,3,8
31-Dec-13,13,20,24,29,45,3,7
27-Dec-13,1,6,13,22,28,5,10
24-Dec-13,5,19,31,43,50,2,6
20-Dec-13,12,13,17,22,43,3,10
17-Dec-13,6,8,27,37,41,7,10
13-Dec-13,1,22,23,24,31,6,11
10-Dec-13,6,24,35,49,50,1,7
06-Dec-13,1,2,18,31,36,7,10
03-Dec-13,6,13,15,29,32,2,9
29-Nov-13,2,7,10,23,43,4,7
26-Nov-13,19,23,27,42,44,3,5
22-Nov-13,13,25,26,40,50,8,9
19-Nov-13,14,15,19,36,45,1,10
15-Nov-13,3,13,15,29,42,1,4
12-Nov-13,14,29,37,40,48,2,11
08-Nov-13,20,28,35,42,43,8,10
05-Nov-13,6,12,13,35,38,2,3
01-Nov-13,7,19,29,30,33,3,8
29-Oct-13,9,10,30,32,37,2,6
25-Oct-13,2,3,10,31,38,6,10
22-Oct-13,29,33,39,41,44,9,11
18-Oct-13,5,25,36,46,47,2,6
15-Oct-13,18,27,39,43,47,4,7
11-Oct-13,6,12,17,23,43,5,9
08-Oct-13,23,24,26,33,42,3,5
04-Oct-13,6,20,24,35,50,5,10
01-Oct-13,19,23,25,44,48,8,9
27-Sep-13,11,15,38,41,43,2,6
24-Sep-13,10,20,26,28,43,9,11
20-Sep-13,5,11,35,38,45,2,3
17-Sep-13,13,17,21,42,44,9,11
13-Sep-13,4,6,14,27,33,5,10
10-Sep-13,7,11,14,28,30,2,10
06-Sep-13,11,23,25,32,37,4,7
03-Sep-13,5,9,16,18,42,7,9
30-Aug-13,2,17,25,36,45,5,9
27-Aug-13,7,30,38,40,43,2,6
23-Aug-13,1,6,26,30,37,5,8
20-Aug-13,5,11,42,49,50,8,11
16-Aug-13,20,24,27,37,39,5,10
13-Aug-13,5,17,20,47,50,1,4
09-Aug-13,4,7,9,23,24,8,9
06-Aug-13,16,17,31,47,49,3,11
02-Aug-13,21,36,37,42,48,4,7
30-Jul-13,3,4,11,14,43,1,6
26-Jul-13,12,23,29,38,49,3,4
23-Jul-13,14,15,16,19,44,4,5
19-Jul-13,13,16,24,26,35,2,5
16-Jul-13,19,23,34,47,50,4,6
12-Jul-13,18,26,32,33,42,2,3
09-Jul-13,16,18,31,38,49,4,10
05-Jul-13,4,12,15,28,33,1,10
02-Jul-13,11,13,14,28,30,4,5
28-Jun-13,1,15,28,35,47,1,7
25-Jun-13,4,5,13,27,35,1,2
21-Jun-13,10,11,30,36,45,1,2
18-Jun-13,17,24,33,41,44,1,11
14-Jun-13,10,25,41,47,48,6,10
11-Jun-13,5,7,9,25,41,1,5
07-Jun-13,7,14,26,45,50,2,7
04-Jun-13,31,33,34,37,40,1,6
31-May-13,27,28,29,34,43,5,10
28-May-13,8,13,26,34,38,3,11
24-May-13,7,17,22,27,40,2,3
21-May-13,7,8,19,28,29,5,9
17-May-13,6,20,24,25,50,9,10
14-May-13,7,8,24,27,36,5,11
10-May-13,1,32,35,45,48,4,11
07-May-13,13,27,28,42,43,4,6
03-May-13,3,5,34,40,49,2,3
30-Apr-13,13,36,40,43,50,5,9
26-Apr-13,11,16,24,38,40,2,5
23-Apr-13,1,4,7,10,50,4,11
19-Apr-13,1,8,42,46,48,4,7
16-Apr-13,1,11,22,33,50,4,6
12-Apr-13,5,10,15,28,45,3,9
09-Apr-13,15,35,38,44,48,5,10
05-Apr-13,1,11,17,32,39,2,7
02-Apr-13,12,17,25,29,41,1,4
29-Mar-13,13,30,43,44,46,5,9
26-Mar-13,4,26,30,42,44,6,11
22-Mar-13,12,27,32,34,49,8,9
19-Mar-13,19,32,35,37,44,1,9
15-Mar-13,4,14,21,24,39,3,10
12-Mar-13,2,4,10,22,50,5,8
08-Mar-13,3,20,23,28,42,8,11
05-Mar-13,8,19,31,33,39,2,7
01-Mar-13,1,11,29,36,42,4,5
26-Feb-13,3,12,13,17,30,2,6
22-Feb-13,15,16,28,36,37,2,11
19-Feb-13,12,15,28,30,44,8,9
15-Feb-13,2,4,22,28,42,4,9
12-Feb-13,5,11,16,25,28,7,9
08-Feb-13,9,11,14,34,44,10,11
05-Feb-13,6,25,31,40,45,6,7
01-Feb-13,5,21,34,37,38,1,6
29-Jan-13,9,16,26,36,39,2,6
25-Jan-13,3,10,18,31,37,2,4
22-Jan-13,1,10,44,45,48,1,4
18-Jan-13,4,26,27,30,39,3,10
15-Jan-13,22,38,40,42,47,1,11
11-Jan-13,4,22,29,37,41,4,7
08-Jan-13,2,20,22,26,47,5,9
04-Jan-13,4,10,22,27,41,8,10
01-Jan-13,2,7,8,36,49,1,11
28-Dec-12,17,24,26,27,49,3,5
25-Dec-12,14,18,20,23,32,3,10
21-Dec-12,3,5,22,40,42,3,10
18-Dec-12,14,18,20,35,44,2,5
14-Dec-12,10,11,29,40,43,3,11
11-Dec-12,1,4,9,43,50,6,8
07-Dec-12,10,16,18,31,42,2,5
04-Dec-12,5,10,28,29,44,2,4
30-Nov-12,10,18,23,24,40,3,4
27-Nov-12,6,10,23,44,49,1,7
23-Nov-12,1,9,11,20,40,1,5
20-Nov-12,28,30,42,45,49,5,10
16-Nov-12,10,15,19,23,41,2,9
13-Nov-12,11,16,21,24,29,2,6
09-Nov-12,14,21,22,28,47,4,5
06-Nov-12,7,20,25,35,41,1,9
02-Nov-12,3,6,10,11,44,3,4
30-Oct-12,23,24,25,31,44,2,3
26-Oct-12,5,6,9,27,38,5,11
23-Oct-12,1,28,35,38,50,2,10
19-Oct-12,16,29,37,40,44,8,10
16-Oct-12,10,32,40,41,49,2,8
12-Oct-12,6,7,17,35,43,2,8
09-Oct-12,2,8,10,23,25,8,9
05-Oct-12,9,16,18,19,21,2,3
02-Oct-12,4,16,21,36,42,7,8
28-Sep-12,20,23,26,30,33,6,9
25-Sep-12,7,25,27,48,49,1,4
21-Sep-12,4,19,34,41,43,7,11
18-Sep-12,6,7,38,39,44,7,9
14-Sep-12,3,10,23,27,44,7,9
11-Sep-12,6,15,22,37,44,2,4
07-Sep-12,13,15,30,35,42,4,6
04-Sep-12,11,17,18,39,44,5,10
31-Aug-12,16,28,31,33,48,7,11
28-Aug-12,1,18,25,26,44,4,5
24-Aug-12,5,6,12,19,37,3,7
21-Aug-12,4,5,17,38,48,3,4
17-Aug-12,19,25,28,33,44,2,8
14-Aug-12,1,16,38,42,45,9,10
10-Aug-12,11,17,21,48,50,9,10
07-Aug-12,20,27,34,46,50,2,3
03-Aug-12,24,34,35,42,46,1,5
31-Jul-12,4,29,35,36,39,8,9
27-Jul-12,14,15,21,23,48,2,10
24-Jul-12,4,16,18,25,44,1,11
20-Jul-12,10,19,23,45,49,9,10
17-Jul-12,2,7,24,43,46,8,10
13-Jul-12,8,18,25,35,46,4,9
10-Jul-12,1,3,16,24,37,1,8
06-Jul-12,31,32,38,40,42,1,3
03-Jul-12,2,7,22,27,40,3,6
29-Jun-12,14,17,28,29,39,1,11
26-Jun-12,1,11,20,22,35,8,10
22-Jun-12,14,18,19,43,49,3,7
19-Jun-12,7,17,20,35,50,5,11
15-Jun-12,10,22,27,38,48,3,7
12-Jun-12,8,15,26,30,48,9,10
08-Jun-12,5,11,22,34,40,9,11
05-Jun-12,13,34,37,47,49,8,9
01-Jun-12,2,4,14,26,36,9,10
29-May-12,8,15,17,25,28,3,11
25-May-12,12,22,35,46,49,2,8
22-May-12,16,31,32,37,41,1,7
18-May-12,13,29,43,47,50,9,11
15-May-12,2,11,13,26,50,2,5
11-May-12,1,13,17,38,44,2,11
08-May-12,3,21,34,38,48,5,8
04-May-12,3,26,39,40,41,1,2
01-May-12,4,5,15,19,41,9,11
27-Apr-12,20,27,30,36,43,1,6
24-Apr-12,8,9,24,43,48,3,5
20-Apr-12,3,6,29,32,41,10,11
17-Apr-12,10,28,33,48,49,1,10
13-Apr-12,8,13,26,39,43,3,5
10-Apr-12,22,25,27,36,37,5,9
06-Apr-12,11,20,30,35,45,2,3
03-Apr-12,1,8,18,25,30,9,10
30-Mar-12,4,17,23,36,46,6,10
27-Mar-12,24,27,29,34,36,7,8
23-Mar-12,9,15,23,31,50,8,11
20-Mar-12,15,16,28,30,46,3,4
16-Mar-12,3,4,12,23,50,4,7
13-Mar-12,1,10,25,43,47,8,9
09-Mar-12,3,32,36,39,47,6,9
06-Mar-12,23,24,27,37,47,2,6
02-Mar-12,5,6,11,30,44,2,6
28-Feb-12,1,10,17,33,48,2,3
24-Feb-12,3,7,12,26,34,8,10
21-Feb-12,11,14,24,25,29,7,11
17-Feb-12,4,11,28,38,47,10,11
14-Feb-12,14,27,36,42,46,8,11
10-Feb-12,3,8,14,31,41,7,11
07-Feb-12,3,15,17,28,33,2,4
03-Feb-12,16,19,20,25,28,1,10
31-Jan-12,9,34,38,43,45,2,4
27-Jan-12,10,13,19,39,44,2,6
24-Jan-12,1,2,6,20,36,8,11
20-Jan-12,2,10,22,27,28,6,8
17-Jan-12,12,22,30,31,44,5,6
13-Jan-12,13,14,21,27,39,6,8
10-Jan-12,4,9,10,30,40,2,9
06-Jan-12,1,6,10,12,31,2,7
03-Jan-12,3,30,42,45,49,5,10
30-Dec-11,16,36,43,44,50,7,8
27-Dec-11,19,21,25,26,44,3,7
23-Dec-11,7,21,22,24,28,1,11
20-Dec-11,1,9,12,14,48,1,7
16-Dec-11,2,5,10,23,31,2,5
13-Dec-11,7,12,18,33,37,1,11
09-Dec-11,12,21,29,44,47,1,2
06-Dec-11,19,20,21,34,38,3,9
02-Dec-11,7,27,30,40,43,8,9
29-Nov-11,11,25,41,45,50,2,7
25-Nov-11,14,19,26,28,34,5,8
22-Nov-11,16,18,24,38,40,2,4
18-Nov-11,4,12,24,39,44,2,4
15-Nov-11,6,17,22,45,47,3,11
11-Nov-11,1,4,18,23,30,3,7
08-Nov-11,1,4,15,29,40,1,5
04-Nov-11,11,14,41,43,50,2,9
01-Nov-11,14,20,23,45,46,1,11
28-Oct-11,16,17,20,39,50,4,8
25-Oct-11,12,22,27,28,39,4,10
21-Oct-11,2,19,33,37,46,5,8
18-Oct-11,18,23,37,46,48,2,10
14-Oct-11,12,23,29,32,47,3,5
11-Oct-11,1,4,12,16,48,9,10
07-Oct-11,18,26,34,38,42,5,8
04-Oct-11,14,16,23,38,45,8,11
30-Sep-11,5,15,28,31,44,1,6
27-Sep-11,18,27,28,35,40,3,5
23-Sep-11,6,14,33,34,48,2,6
20-Sep-11,9,19,25,36,38,7,11
16-Sep-11,2,8,17,39,42,3,10
13-Sep-11,9,28,30,32,49,9,10
09-Sep-11,5,21,28,31,34,1,2
06-Sep-11,35,42,47,48,50,8,9
02-Sep-11,12,26,37,38,44,4,7
30-Aug-11,2,8,10,19,46,5,9
26-Aug-11,12,22,25,33,45,5,7
23-Aug-11,4,6,14,42,50,2,4
19-Aug-11,6,14,16,28,31,2,11
16-Aug-11,1,13,17,18,45,3,8
12-Aug-11,7,10,20,27,37,4,7
09-Aug-11,7,23,24,34,36,8,11
05-Aug-11,13,14,18,32,34,1,10
02-Aug-11,5,8,14,24,33,3,8
29-Jul-11,12,19,27,37,38,5,10
26-Jul-11,1,5,22,25,48,3,11
22-Jul-11,4,15,23,49,50,2,6
19-Jul-11,3,16,25,26,35,5,9
15-Jul-11,6,26,33,34,39,3,4
12-Jul-11,17,19,38,42,45,9,10
08-Jul-11,12,13,23,40,49,7,10
05-Jul-11,11,28,29,47,49,1,5
01-Jul-11,8,11,23,31,46,8,9
28-Jun-11,15,16,30,44,50,2,3
24-Jun-11,5,16,20,30,41,6,11
21-Jun-11,17,20,35,49,50,3,4
17-Jun-11,11,16,21,22,44,3,8
14-Jun-11,5,12,19,41,48,8,10
10-Jun-11,3,19,20,37,48,8,11
07-Jun-11,6,25,36,38,40,4,10
03-Jun-11,4,39,40,49,50,2,5
31-May-11,1,9,10,22,50,5,11
27-May-11,9,17,25,28,49,8,9
24-May-11,16,23,24,26,29,2,9
20-May-11,10,14,20,25,42,8,11
17-May-11,20,21,37,45,46,2,3
13-May-11,9,11,17,36,47,1,2
10-May-11,3,10,15,28,45,5,7
06-May-11,11,16,20,22,28,4,9
29-Apr-11,15,25,38,40,41,1,2
22-Apr-11,11,22,36,45,48,1,4
15-Apr-11,4,6,21,39,41,2,6
08-Apr-11,21,23,38,47,50,2,6
01-Apr-11,4,17,21,22,33,4,8
25-Mar-11,6,12,21,27,33,3,7
18-Mar-11,1,13,20,26,50,6,7
11-Mar-11,17,19,24,37,46,2,7
04-Mar-11,11,25,27,28,41,5,8
25-Feb-11,12,13,42,45,48,3,9
18-Feb-11,2,3,15,45,49,5,9
11-Feb-11,12,14,15,19,23,7,8
04-Feb-11,2,11,24,35,47,5,9
28-Jan-11,13,23,24,41,42,1,5
21-Jan-11,3,11,13,18,21,4,5
14-Jan-11,2,14,24,39,44,6,7
07-Jan-11,1,22,32,48,50,6,7
31-Dec-10,2,24,34,38,43,1,7
24-Dec-10,19,36,38,42,46,2,8
17-Dec-10,3,20,29,35,42,3,8
10-Dec-10,2,3,10,33,46,7,8
03-Dec-10,8,19,28,32,46,4,7
26-Nov-10,9,28,36,41,49,5,7
19-Nov-10,12,15,32,36,45,7,9
12-Nov-10,7,19,23,29,47,1,6
05-Nov-10,21,23,33,40,50,4,5
29-Oct-10,16,20,22,32,42,8,9
22-Oct-10,4,5,9,11,39,3,5
15-Oct-10,2,31,36,38,43,3,7
08-Oct-10,9,30,35,39,46,6,8
01-Oct-10,1,4,6,27,48,1,6
24-Sep-10,1,4,16,40,48,1,9
17-Sep-10,17,27,29,38,50,1,3
10-Sep-10,17,21,35,41,45,1,5
03-Sep-10,13,24,26,47,49,4,8
27-Aug-10,1,6,13,30,49,1,9
20-Aug-10,5,27,31,40,42,1,6
13-Aug-10,4,9,15,21,47,2,7
06-Aug-10,13,25,28,29,42,4,5
30-Jul-10,3,4,11,28,39,2,8
23-Jul-10,4,13,35,37,46,3,9
16-Jul-10,38,39,45,46,49,7,8
09-Jul-10,9,24,37,39,49,3,9
02-Jul-10,12,13,36,41,46,1,8
25-Jun-10,1,8,18,28,31,8,9
18-Jun-10,2,29,31,32,38,1,4
11-Jun-10,2,22,24,36,44,1,2
04-Jun-10,4,17,34,40,42,4,9
28-May-10,4,9,31,32,33,3,7
21-May-10,7,19,30,38,50,4,7
14-May-10,1,17,31,43,47,2,3
07-May-10,3,6,15,21,32,7,9
30-Apr-10,6,22,24,25,36,3,8
23-Apr-10,3,7,8,43,46,6,8
16-Apr-10,9,11,17,26,40,3,9
09-Apr-10,7,21,23,24,44,3,4
02-Apr-10,12,18,24,26,45,4,5
26-Mar-10,8,16,18,37,43,2,6
19-Mar-10,10,28,30,38,39,2,7
12-Mar-10,1,26,33,36,46,6,7
05-Mar-10,12,18,19,43,49,3,9
26-Feb-10,7,11,18,29,42,6,7
19-Feb-10,12,31,37,38,43,2,3
12-Feb-10,1,5,18,38,45,4,6
05-Feb-10,34,35,38,39,46,3,4
29-Jan-10,9,17,30,39,43,5,7
22-Jan-10,4,22,27,36,44,7,9
15-Jan-10,11,26,29,49,50,4,7
08-Jan-10,4,5,14,44,46,8,9
01-Jan-10,9,22,24,27,36,5,7
25-Dec-09,4,5,14,17,34,3,5
18-Dec-09,14,30,32,35,49,3,8
11-Dec-09,20,41,43,44,46,2,9
04-Dec-09,18,19,25,30,44,1,3
27-Nov-09,5,8,13,15,33,8,9
20-Nov-09,5,9,28,43,47,2,9
13-Nov-09,13,15,25,26,32,3,4
06-Nov-09,11,19,34,43,45,5,9
30-Oct-09,9,33,35,38,40,2,6
23-Oct-09,6,18,20,29,31,2,8
16-Oct-09,12,23,30,31,47,3,4
09-Oct-09,7,11,29,46,50,4,7
02-Oct-09,22,23,24,29,44,1,5
25-Sep-09,6,17,18,21,34,3,9
18-Sep-09,6,16,30,38,41,2,4
11-Sep-09,12,15,35,42,43,4,6
04-Sep-09,6,9,20,38,39,3,9
28-Aug-09,8,36,37,41,49,5,7
21-Aug-09,4,7,16,31,42,3,5
14-Aug-09,5,8,24,30,49,3,9
07-Aug-09,10,20,22,24,31,2,7
31-Jul-09,5,9,20,21,26,3,6
24-Jul-09,14,15,25,35,47,5,9
17-Jul-09,2,8,17,32,50,3,7
10-Jul-09,6,16,20,42,46,1,6
03-Jul-09,21,29,34,46,47,6,8
26-Jun-09,6,11,21,30,39,2,8
19-Jun-09,4,16,17,20,29,5,7
12-Jun-09,6,14,16,34,50,4,6
05-Jun-09,11,19,26,35,40,2,5
29-May-09,2,5,30,37,47,3,6
22-May-09,4,13,14,33,43,1,6
15-May-09,8,18,19,20,42,5,9
08-May-09,4,23,24,29,31,8,9
01-May-09,5,19,31,38,47,3,5
24-Apr-09,4,14,21,24,41,5,8
17-Apr-09,4,7,21,44,47,1,5
10-Apr-09,9,14,16,37,46,2,4
03-Apr-09,2,20,24,32,46,1,9
27-Mar-09,25,33,36,38,42,6,7
20-Mar-09,12,16,23,31,35,4,6
13-Mar-09,12,24,26,36,42,1,4
06-Mar-09,13,17,19,25,35,5,6
27-Feb-09,5,9,37,44,45,6,9
20-Feb-09,9,12,13,14,48,1,2
13-Feb-09,22,33,36,40,42,1,2
06-Feb-09,10,20,30,36,40,3,5
30-Jan-09,4,29,34,35,46,5,8
23-Jan-09,32,33,36,40,49,2,8
16-Jan-09,3,17,22,49,50,3,6
09-Jan-09,7,15,22,28,48,1,4
02-Jan-09,29,30,36,37,48,1,6
26-Dec-08,1,2,26,44,50,1,7
19-Dec-08,28,29,40,46,50,5,7
12-Dec-08,2,19,28,42,49,2,7
05-Dec-08,4,8,21,35,45,5,8
28-Nov-08,8,11,16,25,41,2,4
21-Nov-08,9,14,21,49,50,3,8
14-Nov-08,8,10,14,21,26,3,4
07-Nov-08,1,9,12,17,18,3,4
31-Oct-08,3,18,25,34,41,2,5
24-Oct-08,7,15,16,17,45,6,9
17-Oct-08,3,10,12,42,50,1,5
10-Oct-08,4,15,22,31,41,1,6
03-Oct-08,4,13,19,23,38,2,3
26-Sep-08,14,29,31,33,37,1,2
19-Sep-08,14,16,19,20,31,6,9
12-Sep-08,19,23,33,37,50,3,7
05-Sep-08,7,12,16,17,39,3,8
29-Aug-08,2,20,25,37,39,5,8
22-Aug-08,7,27,29,39,50,5,7
15-Aug-08,11,17,18,26,31,5,6
08-Aug-08,4,5,15,16,45,4,7
01-Aug-08,1,22,25,40,50,1,8
25-Jul-08,7,11,15,24,29,2,7
18-Jul-08,10,14,16,29,44,5,6
11-Jul-08,9,11,13,19,37,3,4
04-Jul-08,7,19,22,27,48,5,7
27-Jun-08,5,20,26,44,50,5,7
20-Jun-08,8,11,36,37,45,3,5
13-Jun-08,13,16,37,44,50,1,9
06-Jun-08,7,19,21,40,50,2,9
30-May-08,5,7,14,20,49,2,8
23-May-08,5,9,19,21,38,1,7
16-May-08,6,9,15,25,38,4,9
09-May-08,8,9,40,42,45,6,7
02-May-08,2,26,37,45,48,4,8
25-Apr-08,4,19,26,27,30,3,8
18-Apr-08,3,6,7,27,50,5,9
11-Apr-08,6,25,30,45,50,5,7
04-Apr-08,11,13,18,37,47,1,6
28-Mar-08,5,9,17,29,39,3,6
21-Mar-08,2,10,18,22,36,4,6
14-Mar-08,13,21,25,35,48,4,8
07-Mar-08,2,7,14,17,35,1,6
29-Feb-08,12,37,40,47,49,2,9
22-Feb-08,4,27,32,46,50,8,9
15-Feb-08,12,27,29,45,46,4,7
08-Feb-08,17,28,30,38,44,1,4
01-Feb-08,22,30,45,47,49,4,9
25-Jan-08,2,6,9,19,45,7,8
18-Jan-08,14,16,23,40,46,4,8
11-Jan-08,8,24,36,49,50,4,8
04-Jan-08,10,12,24,25,41,3,5
28-Dec-07,20,21,22,31,45,7,9
21-Dec-07,7,9,28,37,44,6,7
14-Dec-07,8,25,30,36,44,3,4
07-Dec-07,2,4,32,43,48,1,7
30-Nov-07,12,19,20,30,38,7,9
23-Nov-07,2,10,22,29,48,3,9
16-Nov-07,9,18,23,33,37,1,8
09-Nov-07,5,14,22,25,36,5,6
02-Nov-07,3,16,18,19,40,1,2
26-Oct-07,7,20,38,40,43,1,8
19-Oct-07,7,18,34,35,40,7,8
12-Oct-07,21,32,36,46,47,3,4
05-Oct-07,11,20,27,35,44,2,5
28-Sep-07,22,30,34,35,44,4,5
21-Sep-07,1,17,32,35,37,1,8
14-Sep-07,5,9,11,29,33,7,9
07-Sep-07,2,3,33,34,42,3,5
31-Aug-07,6,18,22,23,37,5,6
24-Aug-07,1,3,16,42,48,2,3
17-Aug-07,2,3,13,38,42,7,8
10-Aug-07,23,40,42,43,49,2,6
03-Aug-07,10,30,33,37,41,1,8
27-Jul-07,1,4,21,29,41,7,8
20-Jul-07,10,21,25,26,50,4,9
13-Jul-07,9,13,15,31,48,3,6
06-Jul-07,4,5,19,39,41,8,9
29-Jun-07,8,12,28,33,45,1,3
22-Jun-07,11,16,17,22,34,5,6
15-Jun-07,5,7,14,21,40,3,8
08-Jun-07,1,15,17,25,45,2,8
01-Jun-07,6,22,37,41,42,6,9
25-May-07,25,26,29,49,50,7,8
18-May-07,26,34,37,39,49,2,6
11-May-07,7,12,26,29,49,2,6
04-May-07,6,17,35,41,45,1,5
27-Apr-07,7,18,27,36,44,1,2
20-Apr-07,23,26,32,41,45,3,7
13-Apr-07,7,20,25,38,41,3,7
06-Apr-07,15,23,29,41,48,3,6
30-Mar-07,9,17,19,41,46,1,8
23-Mar-07,5,13,17,40,43,1,3
16-Mar-07,4,14,31,45,49,4,9
09-Mar-07,2,3,25,43,48,6,9
02-Mar-07,3,16,34,38,48,5,8
23-Feb-07,2,15,18,20,22,2,5
16-Feb-07,8,19,20,39,50,6,9
09-Feb-07,14,16,30,36,46,2,8
02-Feb-07,14,23,27,30,36,1,6
26-Jan-07,11,15,23,30,38,4,9
19-Jan-07,5,13,27,33,42,2,4
12-Jan-07,8,11,14,19,25,3,5
05-Jan-07,17,19,29,36,45,5,6
29-Dec-06,6,9,13,14,35,3,4
22-Dec-06,9,11,20,38,43,2,3
15-Dec-06,9,23,35,37,42,3,7
08-Dec-06,16,17,18,36,47,1,2
01-Dec-06,4,8,16,37,41,2,5
24-Nov-06,5,8,17,25,40,1,5
17-Nov-06,12,22,32,33,36,2,6
10-Nov-06,14,21,27,30,36,2,3
03-Nov-06,11,13,24,44,49,3,9
27-Oct-06,3,4,8,44,50,7,8
20-Oct-06,10,19,34,45,47,3,6
13-Oct-06,2,25,32,38,41,3,5
06-Oct-06,5,11,22,35,38,7,8
29-Sep-06,1,3,6,18,24,5,8
22-Sep-06,10,29,30,45,49,3,8
15-Sep-06,6,10,16,26,49,7,9
08-Sep-06,1,10,12,32,33,1,8
01-Sep-06,3,7,25,45,50,6,9
25-Aug-06,10,28,40,47,48,6,8
18-Aug-06,12,37,39,40,50,1,2
11-Aug-06,27,28,31,46,47,2,5
04-Aug-06,1,14,15,26,32,3,7
28-Jul-06,3,8,12,29,43,6,7
21-Jul-06,2,4,9,38,50,6,8
14-Jul-06,1,7,17,31,36,2,8
07-Jul-06,7,9,18,35,43,5,7
30-Jun-06,6,15,16,40,43,1,2
23-Jun-06,9,21,30,43,44,1,9
16-Jun-06,1,16,26,30,36,3,9
09-Jun-06,3,12,15,34,39,4,6
02-Jun-06,7,8,27,41,48,1,6
26-May-06,2,12,21,41,49,3,7
19-May-06,3,5,25,34,49,5,8
12-May-06,5,20,23,34,50,1,5
05-May-06,4,8,14,16,50,3,9
28-Apr-06,5,10,17,22,33,5,7
21-Apr-06,1,20,22,37,46,1,9
14-Apr-06,16,26,34,35,49,2,6
07-Apr-06,12,13,29,44,50,4,5
31-Mar-06,3,20,31,45,50,6,7
24-Mar-06,17,28,33,35,47,4,9
17-Mar-06,5,32,44,45,50,1,7
10-Mar-06,1,21,33,45,49,4,8
03-Mar-06,3,5,8,10,44,3,5
24-Feb-06,1,11,18,19,47,3,7
17-Feb-06,4,23,24,26,38,2,4
10-Feb-06,5,6,38,48,50,6,7
03-Feb-06,9,21,30,39,50,1,3
27-Jan-06,9,15,21,40,49,1,4
20-Jan-06,12,15,33,44,50,2,6
13-Jan-06,8,12,19,33,34,1,6
06-Jan-06,2,6,9,14,26,4,5
30-Dec-05,8,16,19,43,45,1,4
23-Dec-05,15,31,36,37,42,1,7
16-Dec-05,2,3,15,18,32,6,7
09-Dec-05,11,18,35,38,42,1,5
02-Dec-05,1,9,20,23,30,4,7
25-Nov-05,1,6,27,39,47,1,6
18-Nov-05,17,18,25,34,48,2,3
11-Nov-05,15,16,36,41,42,3,5
04-Nov-05,26,36,37,38,42,2,6
28-Oct-05,14,36,44,47,50,3,5
21-Oct-05,1,14,19,29,33,1,8
14-Oct-05,10,11,19,20,23,1,6
07-Oct-05,2,13,21,26,44,3,9
30-Sep-05,6,11,47,48,50,1,6
23-Sep-05,1,26,31,34,47,4,9
16-Sep-05,12,13,19,21,38,3,9
09-Sep-05,8,12,19,31,50,6,7
02-Sep-05,3,4,14,43,50,3,6
26-Aug-05,9,29,35,40,41,1,6
19-Aug-05,11,24,29,31,41,1,3
12-Aug-05,15,23,30,37,40,7,9
05-Aug-05,2,11,21,22,30,4,6
29-Jul-05,3,19,26,49,50,4,5
22-Jul-05,3,14,41,48,49,1,4
15-Jul-05,1,11,12,23,42,3,6
08-Jul-05,35,36,42,46,49,2,8
01-Jul-05,4,5,23,25,28,3,4
24-Jun-05,6,8,14,15,45,7,8
17-Jun-05,4,8,10,18,21,1,7
10-Jun-05,6,7,32,37,47,1,7
03-Jun-05,3,8,11,17,50,1,5
27-May-05,2,24,31,48,50,4,9
20-May-05,6,7,13,28,47,5,8
13-May-05,12,17,31,32,40,2,9
06-May-05,7,12,21,26,44,6,8
29-Apr-05,3,9,35,39,42,1,8
22-Apr-05,3,10,13,24,47,5,9
15-Apr-05,6,28,31,38,42,3,9
08-Apr-05,7,11,25,31,50,1,3
01-Apr-05,25,26,41,44,47,3,7
25-Mar-05,4,29,33,37,38,6,9
18-Mar-05,6,23,39,43,48,5,7
11-Mar-05,8,12,23,40,43,1,4
04-Mar-05,12,24,32,37,39,7,9
25-Feb-05,3,27,30,43,44,4,8
18-Feb-05,20,21,26,32,46,8,9
11-Feb-05,11,13,25,32,50,4,7
04-Feb-05,1,8,11,30,40,7,8
28-Jan-05,7,21,26,43,45,5,7
21-Jan-05,10,12,14,24,26,5,8
14-Jan-05,6,11,14,19,29,1,3
07-Jan-05,3,23,27,47,50,2,3
31-Dec-04,7,8,24,25,47,8,9
24-Dec-04,3,4,27,29,37,5,6
17-Dec-04,15,19,22,46,49,2,9
10-Dec-04,1,3,13,16,43,2,7
03-Dec-04,1,11,15,42,49,3,4
26-Nov-04,1,4,24,34,36,6,8
19-Nov-04,1,18,29,34,37,2,6
12-Nov-04,4,11,12,13,32,3,9
05-Nov-04,6,19,25,42,49,1,7
29-Oct-04,1,8,32,35,38,4,9
22-Oct-04,1,9,23,25,40,3,9
15-Oct-04,14,21,22,37,43,5,8
08-Oct-04,1,10,12,16,48,2,6
01-Oct-04,12,20,21,45,48,5,6
24-Sep-04,21,26,27,44,48,1,7
17-Sep-04,15,18,29,39,41,5,8
10-Sep-04,5,25,33,36,38,2,5
03-Sep-04,8,12,14,15,34,6,7
27-Aug-04,1,11,22,28,44,1,9
20-Aug-04,6,9,10,27,35,6,8
13-Aug-04,20,27,41,43,50,5,8
06-Aug-04,5,15,24,35,44,5,6
30-Jul-04,9,10,19,37,50,1,6
23-Jul-04,7,10,27,31,34,3,8
16-Jul-04,24,26,31,38,50,5,8
09-Jul-04,2,5,12,19,44,8,9
02-Jul-04,4,23,24,28,34,1,3
25-Jun-04,3,21,30,34,35,1,2
18-Jun-04,2,23,28,40,43,2,6
11-Jun-04,2,7,8,10,47,1,7
04-Jun-04,9,13,34,41,42,3,7
28-May-04,6,11,35,41,44,5,6
21-May-04,15,29,37,39,49,4,9
14-May-04,1,3,21,32,39,2,6
07-May-04,15,16,21,36,38,1,5
30-Apr-04,5,6,16,23,27,6,7
23-Apr-04,6,10,21,45,49,3,5
16-Apr-04,14,15,28,35,40,1,3
09-Apr-04,1,4,10,19,23,2,8
02-Apr-04,4,12,24,27,36,2,9
26-Mar-04,3,4,10,23,43,2,4
19-Mar-04,33,36,37,42,45,4,9
12-Mar-04,15,24,28,44,47,4,5
05-Mar-04,4,7,33,37,39,1,5
27-Feb-04,14,18,19,31,37,4,5
20-Feb-04,7,13,39,47,50,2,5
13-Feb-04,16,29,32,36,41,7,9