date,Ball 1,Ball 2,Ball 3,Ball 4,Ball 5,Life Ball
07-May-26,8,13,26,34,45,8
04-May-26,8,19,24,43,46,4
30-Apr-26,2,6,13,27,38,10
27-Apr-26,6,13,37,42,43,10
23-Apr-26,8,14,20,23,32,1
20-Apr-26,16,17,27,45,46,5
16-Apr-26,3,5,7,32,38,4
13-Apr-26,12,13,19,25,44,4
09-Apr-26,16,17,30,45,46,7
06-Apr-26,1,2,11,26,37,4
02-Apr-26,2,3,8,27,39,7
30-Mar-26,5,16,36,37,47,9
26-Mar-26,14,17,26,31,37,4
23-Mar-26,2,11,14,21,34,10
19-Mar-26,15,17,26,32,37,7
16-Mar-26,10,23,34,38,45,2
12-Mar-26,5,7,16,32,34,7
09-Mar-26,9,17,29,31,43,4
05-Mar-26,4,6,17,28,35,3
02-Mar-26,2,13,22,29,31,3
26-Feb-26,18,19,20,27,33,9
23-Feb-26,8,23,32,41,42,1
19-Feb-26,5,9,13,34,45,8
16-Feb-26,12,23,28,30,43,9
12-Feb-26,6,26,30,32,36,10
09-Feb-26,3,34,39,40,41,1
05-Feb-26,6,15,21,22,43,6
02-Feb-26,2,6,31,39,42,5
29-Jan-26,13,24,31,33,36,3
26-Jan-26,1,16,19,26,34,7
22-Jan-26,1,5,13,17,21,2
19-Jan-26,3,7,19,30,32,7
15-Jan-26,9,22,24,29,30,1
12-Jan-26,9,20,29,41,47,4
08-Jan-26,13,17,26,29,46,4
05-Jan-26,4,22,32,33,36,7
01-Jan-26,7,8,41,43,45,10
29-Dec-25,8,13,15,25,39,6
25-Dec-25,1,4,6,30,47,9
22-Dec-25,10,23,27,28,36,3
18-Dec-25,8,9,10,19,37,10
15-Dec-25,8,27,29,31,42,5
11-Dec-25,16,21,26,29,36,2
08-Dec-25,4,22,27,35,45,6
04-Dec-25,1,8,33,38,42,9
01-Dec-25,16,22,24,32,38,9
27-Nov-25,11,13,14,20,26,8
24-Nov-25,15,23,40,43,44,1
20-Nov-25,4,5,9,14,42,9
17-Nov-25,4,7,11,18,27,3
13-Nov-25,11,30,31,34,45,3
10-Nov-25,1,7,25,27,35,6
06-Nov-25,5,29,30,31,37,6
03-Nov-25,4,20,31,35,38,1
30-Oct-25,5,18,22,31,32,3
27-Oct-25,6,16,18,33,34,4
23-Oct-25,3,20,25,26,35,7
20-Oct-25,11,17,26,30,43,8
16-Oct-25,1,8,12,27,46,2
13-Oct-25,4,24,27,31,36,8
09-Oct-25,10,16,36,39,40,7
06-Oct-25,9,15,24,33,45,2
02-Oct-25,3,28,30,35,40,7
29-Sep-25,7,12,31,34,35,7
25-Sep-25,10,25,42,43,46,4
22-Sep-25,3,9,34,37,42,3
18-Sep-25,18,19,22,34,40,5
15-Sep-25,18,38,42,45,46,2
11-Sep-25,2,30,39,41,45,9
08-Sep-25,17,18,23,33,44,6
04-Sep-25,6,14,22,28,36,3
01-Sep-25,18,21,24,29,47,7
28-Aug-25,6,18,21,25,34,10
25-Aug-25,5,32,34,38,44,9
21-Aug-25,3,6,7,14,18,5
18-Aug-25,2,4,8,11,28,1
14-Aug-25,8,9,21,32,42,8
11-Aug-25,3,6,24,27,34,5
07-Aug-25,3,11,17,18,23,6
04-Aug-25,11,26,28,32,39,2
31-Jul-25,4,44,26,47,11,10
28-Jul-25,7,2,4,34,22,2
24-Jul-25,4,6,9,10,40,5
21-Jul-25,3,5,13,31,39,2
17-Jul-25,29,11,47,17,26,6
14-Jul-25,3,9,23,41,17,9
10-Jul-25,39,27,15,35,17,8
07-Jul-25,3,34,22,4,30,4
03-Jul-25,8,20,18,14,5,4
30-Jun-25,17,14,25,3,8,9
26-Jun-25,37,46,4,34,2,6
23-Jun-25,31,19,21,7,12,5
19-Jun-25,45,8,10,28,12,9
16-Jun-25,38,15,35,1,34,5
12-Jun-25,45,13,44,37,17,9
09-Jun-25,7,39,31,36,44,1
05-Jun-25,42,14,12,19,1,2
02-Jun-25,41,36,42,46,23,4
29-May-25,11,22,21,41,27,5
26-May-25,40,27,7,13,33,4
22-May-25,19,6,34,15,9,3
19-May-25,18,14,28,46,23,9
15-May-25,27,42,45,46,3,6
12-May-25,14,19,32,23,12,5
08-May-25,31,38,7,42,6,6
05-May-25,24,27,21,36,20,5
01-May-25,35,8,25,20,40,4
28-Apr-25,41,38,7,37,18,1
24-Apr-25,12,37,21,33,29,7
21-Apr-25,15,34,25,33,36,8
17-Apr-25,43,21,2,32,5,7
14-Apr-25,15,43,5,44,14,1
10-Apr-25,23,41,21,22,38,5
07-Apr-25,27,30,15,26,31,10
03-Apr-25,31,42,4,17,9,9
31-Mar-25,37,40,7,39,47,1
27-Mar-25,25,24,45,5,39,5
24-Mar-25,4,41,3,18,6,8
20-Mar-25,16,22,35,1,15,4
17-Mar-25,31,34,1,44,28,5
13-Mar-25,38,31,23,21,8,3
10-Mar-25,14,36,5,24,41,10
06-Mar-25,6,21,15,47,30,2
03-Mar-25,35,22,25,47,28,4
27-Feb-25,10,18,34,36,27,3
24-Feb-25,15,29,3,19,10,6
20-Feb-25,5,37,26,21,8,1
17-Feb-25,16,26,41,25,34,3
13-Feb-25,41,24,44,19,10,4
10-Feb-25,10,39,1,14,34,6
06-Feb-25,33,6,35,25,26,1
03-Feb-25,34,3,39,13,23,4
30-Jan-25,42,8,33,17,12,7
27-Jan-25,5,19,21,16,36,8
23-Jan-25,11,45,22,32,21,6
20-Jan-25,32,3,2,35,36,9
16-Jan-25,9,12,15,33,44,10
13-Jan-25,11,16,36,37,43,9
09-Jan-25,10,11,13,14,45,3
06-Jan-25,10,21,26,31,38,9
02-Jan-25,8,12,27,28,44,9
30-Dec-24,8,13,28,29,35,10
26-Dec-24,9,11,24,29,36,6
23-Dec-24,2,18,19,23,28,3
19-Dec-24,4,7,20,38,41,5
16-Dec-24,6,16,23,28,30,7
12-Dec-24,13,22,30,42,43,5
09-Dec-24,5,8,21,22,40,10
05-Dec-24,10,11,12,36,45,8
02-Dec-24,3,25,31,34,37,6
28-Nov-24,19,24,28,32,39,9
25-Nov-24,18,29,31,34,38,1
21-Nov-24,3,12,13,35,43,1
18-Nov-24,2,8,10,19,24,9
14-Nov-24,1,3,17,30,39,5
11-Nov-24,1,9,24,31,36,8
07-Nov-24,7,9,10,23,26,1
04-Nov-24,5,14,22,33,44,5
31-Oct-24,9,15,18,24,37,7
28-Oct-24,12,15,39,43,47,5
24-Oct-24,2,11,29,37,45,6
21-Oct-24,8,15,19,32,38,9
17-Oct-24,12,17,27,32,43,3
14-Oct-24,3,15,28,32,34,5
10-Oct-24,7,13,18,20,31,8
07-Oct-24,17,18,22,23,29,7
03-Oct-24,22,33,34,35,43,10
30-Sep-24,6,14,21,24,36,1
26-Sep-24,27,32,33,41,47,4
23-Sep-24,12,18,30,35,43,6
19-Sep-24,5,6,30,46,47,5
16-Sep-24,12,13,15,17,30,10
12-Sep-24,1,4,23,38,39,3
09-Sep-24,4,6,32,35,45,6
05-Sep-24,3,5,23,32,44,8
02-Sep-24,3,9,21,22,31,10
29-Aug-24,4,8,21,25,43,9
26-Aug-24,2,29,33,37,41,9
22-Aug-24,15,30,32,33,39,4
19-Aug-24,23,33,35,42,43,6
15-Aug-24,11,25,26,34,47,8
12-Aug-24,20,27,42,43,46,9
08-Aug-24,6,10,17,24,40,8
05-Aug-24,8,23,31,38,47,9
01-Aug-24,2,6,18,24,34,2
29-Jul-24,6,8,11,24,45,2
25-Jul-24,7,20,25,30,33,3
22-Jul-24,1,3,9,26,32,1
18-Jul-24,5,7,27,38,46,8
15-Jul-24,2,6,10,29,47,3
11-Jul-24,7,11,15,21,32,6
08-Jul-24,11,34,35,44,45,10
04-Jul-24,5,10,14,19,34,8
01-Jul-24,4,6,8,19,34,9
27-Jun-24,8,15,27,32,33,5
24-Jun-24,20,32,33,43,45,10
20-Jun-24,10,18,24,27,38,5
17-Jun-24,6,22,23,36,41,6
13-Jun-24,10,16,19,24,28,3
10-Jun-24,28,30,31,32,42,10
06-Jun-24,3,24,29,31,41,6
03-Jun-24,2,11,15,19,38,8
30-May-24,5,11,12,25,26,7
27-May-24,4,7,13,28,34,3
23-May-24,14,20,31,40,43,9
20-May-24,9,10,25,32,41,8
16-May-24,4,12,16,21,26,3
13-May-24,5,10,19,23,44,10
09-May-24,1,14,17,27,35,9
06-May-24,11,15,26,33,44,10
02-May-24,5,10,14,35,45,4
29-Apr-24,6,18,22,29,40,9
25-Apr-24,3,27,43,46,47,2
22-Apr-24,1,17,26,39,46,6
18-Apr-24,6,18,26,35,41,5
15-Apr-24,1,3,21,22,27,10
11-Apr-24,11,13,19,27,42,8
08-Apr-24,3,5,6,36,43,1
04-Apr-24,2,9,16,17,41,3
01-Apr-24,19,30,35,40,44,2
28-Mar-24,5,10,19,26,41,4
25-Mar-24,11,23,24,26,35,2
21-Mar-24,3,4,11,14,18,7
18-Mar-24,2,11,19,38,43,6
14-Mar-24,4,11,22,25,34,6
11-Mar-24,12,21,30,35,44,9
07-Mar-24,11,29,32,34,42,9
04-Mar-24,7,15,25,30,38,9
29-Feb-24,4,6,28,29,45,4
26-Feb-24,3,10,21,24,39,2
22-Feb-24,16,17,19,23,38,5
19-Feb-24,7,11,12,36,46,9
15-Feb-24,5,11,25,30,42,6
12-Feb-24,6,20,27,29,36,8
08-Feb-24,13,19,26,37,43,5
05-Feb-24,3,4,8,10,28,1
01-Feb-24,3,7,11,23,29,7
29-Jan-24,7,29,35,40,46,8
25-Jan-24,7,20,23,36,44,4
22-Jan-24,6,23,26,27,34,2
18-Jan-24,9,15,22,40,44,5
15-Jan-24,4,14,21,35,36,5
11-Jan-24,15,16,23,35,42,1
08-Jan-24,19,31,37,39,40,4
04-Jan-24,12,14,26,39,46,4
01-Jan-24,1,20,26,36,38,6
28-Dec-23,13,14,35,36,41,9
25-Dec-23,2,15,21,41,47,2
21-Dec-23,4,8,17,18,21,6
18-Dec-23,1,13,18,32,47,1
14-Dec-23,12,13,16,21,44,10
11-Dec-23,12,14,20,28,41,9
07-Dec-23,2,3,37,39,45,1
04-Dec-23,4,11,16,46,47,1
30-Nov-23,5,40,42,43,46,4
27-Nov-23,10,12,35,37,47,1
23-Nov-23,10,14,19,35,41,1
20-Nov-23,6,9,11,22,46,5
16-Nov-23,12,18,30,40,41,8
13-Nov-23,3,11,33,38,45,10
09-Nov-23,9,11,27,36,47,9
06-Nov-23,2,5,11,15,27,10
02-Nov-23,12,20,41,42,46,8
30-Oct-23,6,12,13,18,19,7
26-Oct-23,2,11,23,43,46,10
23-Oct-23,11,30,34,35,38,1
19-Oct-23,12,14,38,41,44,5
16-Oct-23,13,30,33,35,43,6
12-Oct-23,9,19,41,44,46,4
09-Oct-23,6,11,29,40,44,5
05-Oct-23,5,6,18,36,45,3
02-Oct-23,1,7,14,15,26,2
28-Sep-23,18,23,28,29,37,3
25-Sep-23,6,12,13,15,41,9
21-Sep-23,7,17,23,24,40,1
18-Sep-23,1,3,11,28,43,9
14-Sep-23,8,27,33,34,44,5
11-Sep-23,4,5,14,24,35,3
07-Sep-23,3,9,21,26,42,6
04-Sep-23,14,30,31,44,47,8
31-Aug-23,1,14,25,32,43,7
28-Aug-23,2,30,36,39,45,7
24-Aug-23,5,6,29,30,40,3
21-Aug-23,11,15,21,33,43,6
17-Aug-23,2,3,26,33,36,2
14-Aug-23,8,15,17,31,41,6
10-Aug-23,2,12,14,23,33,4
07-Aug-23,1,4,9,40,46,9
03-Aug-23,2,11,17,30,38,3
31-Jul-23,20,29,30,37,38,3
27-Jul-23,6,11,12,20,29,3
24-Jul-23,14,21,41,43,47,3
20-Jul-23,28,31,37,40,47,3
17-Jul-23,9,19,20,29,37,4
13-Jul-23,7,9,11,39,40,1
10-Jul-23,1,18,23,35,47,1
06-Jul-23,1,10,17,18,42,7
03-Jul-23,9,10,29,30,39,10
29-Jun-23,18,33,38,39,47,5
26-Jun-23,3,30,33,36,44,6
22-Jun-23,10,11,31,42,43,4
19-Jun-23,7,19,21,22,41,6
15-Jun-23,3,13,35,37,46,7
12-Jun-23,13,16,24,35,36,3
08-Jun-23,6,13,17,37,44,3
05-Jun-23,2,5,21,34,35,6
01-Jun-23,11,19,31,34,44,3
29-May-23,4,11,14,41,45,2
25-May-23,8,14,16,32,37,4
22-May-23,17,26,33,44,46,3
18-May-23,10,32,36,39,43,2
15-May-23,3,23,25,33,36,1
11-May-23,16,19,22,31,45,1
08-May-23,7,12,13,21,26,4
04-May-23,13,15,16,35,37,10
01-May-23,11,22,24,37,43,9
27-Apr-23,11,18,29,38,44,9
24-Apr-23,4,8,10,38,43,3
20-Apr-23,10,28,29,42,46,5
17-Apr-23,5,15,23,26,44,8
13-Apr-23,7,8,14,17,45,2
10-Apr-23,5,23,26,27,43,7
06-Apr-23,16,21,41,43,46,7
03-Apr-23,3,4,6,36,39,7
30-Mar-23,4,24,25,30,33,7
27-Mar-23,6,16,20,44,47,9
23-Mar-23,2,11,17,26,27,3
20-Mar-23,3,24,30,35,44,9
16-Mar-23,1,7,25,31,40,2
13-Mar-23,3,15,17,18,33,9
09-Mar-23,9,16,27,39,46,6
06-Mar-23,3,20,24,42,45,1
02-Mar-23,9,26,38,40,43,1
27-Feb-23,23,28,34,45,46,1
23-Feb-23,1,6,29,30,40,4
20-Feb-23,12,17,22,31,38,3
16-Feb-23,2,10,25,28,30,2
13-Feb-23,4,6,9,17,18,3
09-Feb-23,4,16,17,21,34,6
06-Feb-23,14,18,22,32,44,1
02-Feb-23,5,9,10,25,41,7
30-Jan-23,15,16,19,22,25,6
26-Jan-23,2,13,28,30,34,4
23-Jan-23,4,10,13,21,30,10
19-Jan-23,15,30,40,42,47,8
16-Jan-23,10,23,32,36,40,10
12-Jan-23,23,24,25,30,31,9
09-Jan-23,7,16,24,29,31,3
05-Jan-23,3,29,36,40,42,6
02-Jan-23,3,4,7,15,26,6
29-Dec-22,16,27,39,40,42,7
26-Dec-22,3,5,7,16,21,6
22-Dec-22,14,27,28,40,43,8
19-Dec-22,1,9,12,36,41,5
15-Dec-22,6,9,12,30,46,5
12-Dec-22,8,19,26,32,37,10
08-Dec-22,1,3,21,38,42,2
05-Dec-22,19,23,31,34,43,8
01-Dec-22,12,34,40,42,47,2
28-Nov-22,2,12,17,19,21,4
24-Nov-22,1,10,14,32,40,7
21-Nov-22,3,12,18,31,33,3
17-Nov-22,13,21,22,25,37,2
14-Nov-22,9,20,21,37,40,8
10-Nov-22,4,27,29,31,40,1
07-Nov-22,10,12,13,21,42,5
03-Nov-22,2,5,24,29,37,3
31-Oct-22,3,5,13,17,24,7
27-Oct-22,15,23,25,35,36,7
24-Oct-22,8,15,20,35,38,1
20-Oct-22,3,8,13,29,36,1
17-Oct-22,19,25,32,33,46,5
13-Oct-22,6,15,34,42,46,8
10-Oct-22,8,9,16,21,37,1
06-Oct-22,3,4,24,40,45,6
03-Oct-22,1,13,17,37,44,4
29-Sep-22,8,11,16,26,47,7
26-Sep-22,11,21,25,28,39,6
22-Sep-22,8,11,36,39,40,1
19-Sep-22,9,25,34,37,47,2
15-Sep-22,3,13,20,23,38,4
12-Sep-22,10,13,14,21,46,7
08-Sep-22,2,7,31,42,44,3
05-Sep-22,6,14,20,29,33,5
01-Sep-22,11,18,25,34,38,3
29-Aug-22,3,8,14,31,47,8
25-Aug-22,1,3,21,27,34,7
22-Aug-22,21,28,33,38,47,1
18-Aug-22,8,17,20,35,40,1
15-Aug-22,8,10,18,21,40,9
11-Aug-22,1,12,13,26,40,7
08-Aug-22,10,15,22,23,41,7
04-Aug-22,5,15,43,44,47,3
01-Aug-22,7,11,19,31,47,9
28-Jul-22,3,6,15,26,33,6
25-Jul-22,7,20,26,33,39,10
21-Jul-22,8,24,26,37,43,10
18-Jul-22,2,4,9,34,47,2
14-Jul-22,4,5,14,16,38,7
11-Jul-22,8,18,23,24,43,10
07-Jul-22,1,5,22,35,39,3
04-Jul-22,5,7,10,21,38,4
30-Jun-22,18,22,29,42,44,2
27-Jun-22,14,16,25,27,37,9
23-Jun-22,1,6,9,33,38,6
20-Jun-22,1,3,40,44,47,6
16-Jun-22,10,17,18,32,39,10
13-Jun-22,1,7,11,43,47,1
09-Jun-22,10,21,23,29,35,4
06-Jun-22,9,17,32,41,45,2
02-Jun-22,18,29,31,33,47,8
30-May-22,8,16,37,43,45,1
26-May-22,2,3,34,39,46,7
23-May-22,2,6,21,24,25,5
19-May-22,22,24,27,33,38,1
16-May-22,6,13,17,20,43,9
12-May-22,3,13,15,19,36,7
09-May-22,6,7,9,31,38,2
05-May-22,16,23,29,36,38,6
02-May-22,3,27,31,44,46,6
28-Apr-22,5,13,21,42,47,6
25-Apr-22,8,15,31,37,40,7
21-Apr-22,6,25,30,36,46,8
18-Apr-22,7,9,12,31,43,7
14-Apr-22,11,17,28,34,42,9
11-Apr-22,3,11,25,42,47,8
07-Apr-22,8,11,19,31,33,7
04-Apr-22,7,34,38,44,46,9
31-Mar-22,14,23,33,38,39,7
28-Mar-22,29,32,42,44,46,3
24-Mar-22,34,36,38,41,46,1
21-Mar-22,3,8,23,30,32,3
17-Mar-22,18,25,30,42,44,5
14-Mar-22,4,5,10,40,44,4
10-Mar-22,7,10,19,27,32,2
07-Mar-22,23,29,37,38,46,8
03-Mar-22,18,26,29,41,42,2
28-Feb-22,4,15,24,31,33,9
24-Feb-22,5,6,25,31,40,7
21-Feb-22,11,13,16,21,46,3
17-Feb-22,5,15,24,40,43,4
14-Feb-22,3,9,14,27,38,4
10-Feb-22,4,9,31,32,42,1
07-Feb-22,5,31,34,36,47,1
03-Feb-22,6,16,22,44,47,5
31-Jan-22,3,4,7,29,34,8
27-Jan-22,15,19,26,40,42,7
24-Jan-22,14,18,28,29,38,7
20-Jan-22,7,22,24,25,40,2
17-Jan-22,4,5,11,27,35,7
13-Jan-22,5,16,17,21,43,3
10-Jan-22,8,13,15,35,47,9
06-Jan-22,9,27,34,40,45,6
03-Jan-22,15,22,26,37,47,10
30-Dec-21,20,27,38,40,41,6
27-Dec-21,32,33,35,44,47,3
23-Dec-21,19,22,33,42,44,3
20-Dec-21,24,27,40,46,47,5
16-Dec-21,4,25,28,39,40,7
13-Dec-21,7,19,20,27,32,4
09-Dec-21,12,24,29,37,47,2
06-Dec-21,16,18,21,22,45,1
02-Dec-21,3,29,32,38,43,4
29-Nov-21,2,14,18,34,40,5
25-Nov-21,2,13,21,26,34,3
22-Nov-21,3,14,26,30,39,3
18-Nov-21,18,28,39,42,45,5
15-Nov-21,13,21,28,32,36,2
11-Nov-21,18,19,23,35,36,1
08-Nov-21,3,7,19,24,35,3
04-Nov-21,4,8,11,26,34,3
01-Nov-21,2,22,30,38,42,4
28-Oct-21,3,9,21,29,45,7
25-Oct-21,15,31,36,43,45,2
21-Oct-21,2,3,4,12,29,8
18-Oct-21,4,7,22,34,44,5
14-Oct-21,2,8,24,38,41,10
11-Oct-21,9,16,21,40,44,6
07-Oct-21,12,13,23,27,33,9
04-Oct-21,11,14,24,33,36,9
30-Sep-21,5,10,20,21,24,8
27-Sep-21,26,30,32,40,44,1
23-Sep-21,4,27,38,43,45,3
20-Sep-21,6,17,25,26,39,2
16-Sep-21,13,15,23,37,44,9
13-Sep-21,15,16,19,34,44,9
09-Sep-21,1,2,21,25,29,1
06-Sep-21,15,20,28,33,34,9
02-Sep-21,2,3,16,24,38,3
30-Aug-21,20,29,33,43,45,1
26-Aug-21,17,19,25,30,40,5
23-Aug-21,6,16,19,34,37,6
19-Aug-21,8,31,39,42,47,10
16-Aug-21,8,13,19,31,46,6
12-Aug-21,11,18,22,42,43,1
09-Aug-21,9,13,14,23,34,3
05-Aug-21,12,24,24,35,45,10
02-Aug-21,6,8,9,37,39,8
29-Jul-21,8,32,37,40,45,3
26-Jul-21,2,10,26,38,45,7
22-Jul-21,5,14,37,40,43,7
19-Jul-21,8,9,36,44,46,4
15-Jul-21,7,8,11,27,42,5
12-Jul-21,12,17,31,35,39,7
08-Jul-21,8,20,28,33,47,6
05-Jul-21,17,22,36,40,41,6
01-Jul-21,7,10,20,33,39,3
28-Jun-21,1,9,15,22,34,1
24-Jun-21,1,26,31,32,41,5
21-Jun-21,5,13,20,29,37,5
17-Jun-21,7,20,27,28,29,2
14-Jun-21,6,13,19,20,36,9
10-Jun-21,1,18,22,36,37,9
07-Jun-21,8,17,19,27,43,4
03-Jun-21,8,26,39,40,45,8
31-May-21,15,19,20,36,43,4
27-May-21,1,7,11,32,36,7
24-May-21,8,18,20,29,40,6
20-May-21,4,5,18,19,27,4
17-May-21,10,17,23,39,41,4
13-May-21,12,30,40,42,47,9
10-May-21,13,18,21,26,47,4
06-May-21,2,7,25,40,46,4
03-May-21,1,8,12,22,32,10
29-Apr-21,13,14,21,23,40,6
26-Apr-21,8,12,13,21,25,5
22-Apr-21,14,30,36,41,42,6
19-Apr-21,1,10,11,16,46,6
15-Apr-21,2,17,24,26,46,7
12-Apr-21,6,26,32,38,44,7
08-Apr-21,19,21,24,32,42,6
05-Apr-21,13,28,29,30,34,2
01-Apr-21,12,26,31,32,35,6
29-Mar-21,17,28,39,42,43,8
25-Mar-21,10,13,28,30,38,1
22-Mar-21,8,19,29,34,35,9
18-Mar-21,5,25,43,44,47,8
15-Mar-21,9,11,29,39,44,6
11-Mar-21,3,11,20,21,26,8
08-Mar-21,2,16,28,32,45,10
04-Mar-21,4,8,18,28,44,8
01-Mar-21,9,14,19,35,37,6
25-Feb-21,2,12,16,19,23,4
22-Feb-21,4,7,16,20,42,9
18-Feb-21,7,19,28,38,39,5
15-Feb-21,22,23,25,32,44,3
11-Feb-21,27,29,37,41,42,7
08-Feb-21,4,10,14,17,30,2
04-Feb-21,4,5,7,26,39,6
01-Feb-21,20,23,30,31,42,10
28-Jan-21,5,13,20,34,35,10
25-Jan-21,6,17,36,45,47,7
21-Jan-21,24,27,28,35,40,8
18-Jan-21,13,22,34,35,46,6
14-Jan-21,2,8,9,25,43,4
11-Jan-21,4,20,32,34,44,9
07-Jan-21,16,26,35,36,39,7
04-Jan-21,19,29,35,42,46,8
31-Dec-20,15,26,33,34,44,2
28-Dec-20,2,4,22,37,45,10
24-Dec-20,3,13,14,36,38,7
21-Dec-20,10,13,14,40,43,3
17-Dec-20,12,22,25,37,39,3
14-Dec-20,5,9,18,34,43,6
10-Dec-20,25,33,35,39,41,5
07-Dec-20,3,11,14,21,44,8
03-Dec-20,9,22,25,38,41,9
30-Nov-20,11,18,20,42,47,10
26-Nov-20,2,7,20,38,46,2
23-Nov-20,3,10,15,29,30,1
19-Nov-20,1,3,15,18,29,9
16-Nov-20,13,17,21,38,39,6
12-Nov-20,2,12,20,22,26,10
09-Nov-20,23,26,29,37,43,6
05-Nov-20,7,11,18,19,22,10
02-Nov-20,3,16,41,42,44,2
29-Oct-20,17,26,27,38,45,8
26-Oct-20,17,29,32,33,38,3
22-Oct-20,2,6,15,21,43,10
19-Oct-20,21,31,32,40,42,7
15-Oct-20,5,10,12,13,16,10
12-Oct-20,6,9,10,22,30,10
08-Oct-20,13,29,33,35,37,9
05-Oct-20,21,34,39,41,45,1
01-Oct-20,1,8,9,20,45,7
28-Sep-20,6,23,38,41,42,1
24-Sep-20,3,8,17,22,36,5
21-Sep-20,3,7,26,37,41,1
17-Sep-20,3,7,17,34,44,3
14-Sep-20,12,19,22,25,42,6
10-Sep-20,6,7,21,38,39,5
07-Sep-20,26,32,35,40,44,8
03-Sep-20,8,10,26,31,32,3
31-Aug-20,1,10,26,35,39,7
27-Aug-20,13,16,19,24,29,7
24-Aug-20,10,24,25,41,42,6
20-Aug-20,4,5,17,27,36,2
17-Aug-20,6,18,24,34,37,6
13-Aug-20,33,35,37,45,47,5
10-Aug-20,1,10,14,21,26,7
06-Aug-20,2,22,36,42,43,9
03-Aug-20,15,16,33,36,45,1
30-Jul-20,7,13,17,27,32,4
27-Jul-20,6,10,20,27,36,1
23-Jul-20,5,21,33,36,40,9
20-Jul-20,7,12,17,32,45,5
16-Jul-20,18,29,33,38,43,9
13-Jul-20,4,10,18,19,45,10
09-Jul-20,11,16,26,39,44,8
06-Jul-20,5,12,17,21,30,2
02-Jul-20,11,12,24,29,33,5
29-Jun-20,20,26,29,33,37,3
25-Jun-20,3,16,18,20,45,8
22-Jun-20,16,25,28,35,38,8
18-Jun-20,6,8,28,32,44,9
15-Jun-20,4,15,21,23,42,2
11-Jun-20,5,6,15,22,32,9
08-Jun-20,3,12,16,22,47,5
04-Jun-20,8,9,27,28,47,6
01-Jun-20,4,30,32,34,38,9
28-May-20,3,5,13,23,31,5
25-May-20,1,3,24,42,44,7
21-May-20,3,4,19,45,46,1
18-May-20,6,17,23,43,45,5
14-May-20,12,15,36,38,41,6
11-May-20,24,25,26,31,45,6
07-May-20,7,14,27,39,44,6
04-May-20,19,27,31,37,43,1
30-Apr-20,11,37,39,41,46,6
27-Apr-20,9,16,17,21,28,1
23-Apr-20,2,6,25,32,46,6
20-Apr-20,2,5,7,19,42,7
16-Apr-20,11,18,20,31,35,7
13-Apr-20,1,21,23,29,41,1
09-Apr-20,13,15,23,27,37,10
06-Apr-20,11,23,31,39,42,1
02-Apr-20,8,9,17,35,46,8
30-Mar-20,2,3,4,36,41,5
26-Mar-20,4,7,11,24,29,8
23-Mar-20,21,28,35,37,42,7
19-Mar-20,2,19,32,39,47,7
16-Mar-20,2,4,15,20,37,2
12-Mar-20,7,12,15,39,42,2
09-Mar-20,4,8,25,37,38,9
05-Mar-20,16,24,29,31,46,2
02-Mar-20,8,28,39,45,47,9
27-Feb-20,2,19,29,31,40,10
24-Feb-20,1,19,22,35,40,10
20-Feb-20,8,19,21,38,42,4
17-Feb-20,1,12,34,37,41,8
13-Feb-20,6,17,23,26,29,7
10-Feb-20,1,19,25,43,46,9
06-Feb-20,1,9,16,17,21,1
03-Feb-20,9,14,40,42,43,4
30-Jan-20,4,10,33,36,40,2
27-Jan-20,8,14,16,19,25,5
23-Jan-20,7,9,27,34,42,5
20-Jan-20,4,10,16,30,36,10
16-Jan-20,8,15,29,30,47,10
13-Jan-20,7,18,24,32,35,1
09-Jan-20,3,11,39,44,46,10
06-Jan-20,10,15,16,22,39,2
02-Jan-20,1,6,13,32,41,4
30-Dec-19,8,18,21,23,44,4
26-Dec-19,10,24,30,32,41,9
23-Dec-19,14,18,28,33,35,2
19-Dec-19,13,18,26,37,38,1
16-Dec-19,8,10,16,23,39,8
12-Dec-19,12,14,37,37,39,2
09-Dec-19,3,11,13,34,43,8
05-Dec-19,4,7,11,22,47,5
02-Dec-19,8,20,22,33,34,6
28-Nov-19,17,21,30,32,38,6
25-Nov-19,2,7,17,22,26,7
21-Nov-19,14,19,20,21,39,5
18-Nov-19,6,18,23,33,40,10
14-Nov-19,5,6,19,38,47,6
11-Nov-19,23,32,38,40,47,9
07-Nov-19,11,15,16,21,38,9
04-Nov-19,10,26,32,43,45,10
31-Oct-19,28,30,32,35,45,8
28-Oct-19,5,25,31,34,41,4
24-Oct-19,4,12,17,28,36,7
21-Oct-19,7,16,24,28,29,9
17-Oct-19,8,14,18,29,46,10
14-Oct-19,2,5,15,21,23,2
10-Oct-19,2,5,9,27,37,10
07-Oct-19,17,25,29,33,41,2
03-Oct-19,6,11,32,43,45,10
30-Sep-19,4,6,20,29,34,1
26-Sep-19,10,19,20,26,42,3
23-Sep-19,1,19,26,28,42,3
19-Sep-19,21,22,38,39,42,4
16-Sep-19,5,9,16,32,41,10
12-Sep-19,10,28,33,36,37,9
09-Sep-19,9,15,21,23,26,7
05-Sep-19,20,23,28,30,38,6
02-Sep-19,14,20,24,36,40,10
29-Aug-19,2,22,26,30,42,7
26-Aug-19,11,22,25,32,39,3
22-Aug-19,5,12,40,43,44,5
19-Aug-19,3,4,5,7,34,5
15-Aug-19,4,8,15,17,32,6
12-Aug-19,3,20,26,27,32,5
08-Aug-19,13,22,26,39,40,8
05-Aug-19,9,13,18,39,40,5
01-Aug-19,15,16,21,37,40,3
29-Jul-19,18,21,23,34,39,3
25-Jul-19,5,14,26,33,36,10
22-Jul-19,8,23,26,28,31,9
18-Jul-19,15,23,25,38,42,3
15-Jul-19,2,17,23,27,34,5
11-Jul-19,4,12,21,42,43,2
08-Jul-19,5,15,18,32,36,4
04-Jul-19,19,20,35,40,42,8
01-Jul-19,3,11,21,35,45,9
27-Jun-19,3,6,34,43,47,7
24-Jun-19,2,4,17,30,34,3
20-Jun-19,6,10,27,40,45,7
17-Jun-19,9,12,25,33,44,5
13-Jun-19,10,16,28,29,46,4
10-Jun-19,23,29,33,40,43,8
06-Jun-19,7,12,20,25,36,2
03-Jun-19,1,9,20,24,46,5
30-May-19,4,20,23,25,27,2
27-May-19,7,15,41,42,44,9
23-May-19,15,21,31,44,45,3
20-May-19,4,9,15,29,44,3
16-May-19,15,23,31,32,33,9
13-May-19,2,11,27,42,47,6
09-May-19,3,6,9,32,47,4
06-May-19,2,6,7,30,37,3
02-May-19,11,12,15,16,47,2
29-Apr-19,6,8,13,20,28,9
25-Apr-19,5,26,28,32,37,3
22-Apr-19,11,22,26,33,47,6
18-Apr-19,3,6,16,24,29,5
15-Apr-19,7,15,32,46,47,8
11-Apr-19,5,7,41,44,45,6
08-Apr-19,1,6,19,24,35,9
04-Apr-19,1,20,42,43,47,3
01-Apr-19,6,15,24,35,41,7
28-Mar-19,8,16,36,39,44,3
25-Mar-19,2,6,9,23,30,2
21-Mar-19,2,3,4,25,46,6
18-Mar-19,4,6,17,20,35,10